account_id,customer_id,customer_name,account_type,account_status,account_open_date,kyc_status,risk_rating,registered_country,avg_monthly_txn_count,avg_monthly_txn_amount,home_branch,occupation,annual_income,customer_segment,last_activity_date
ACC-0H8WN2T,CUS-3QHFKTC,Banjeet Kuruvilla,SALARY,ACTIVE,2025-02-03,VERIFIED,HIGH,INDIA,17,397903.44,YESB0132591,"Accountant, chartered public finance",7680625,PREMIUM,2026-08-29
ACC-0IQSVUH,CUS-F006J5M,Harini Kaul,SALARY,ACTIVE,2024-03-30,VERIFIED,MEDIUM,INDIA,18,166628.54,ICIC0974364,Field seismologist,1663035,SALARIED,2026-08-29
ACC-0U2BL3M,CUS-3FQUKHF,Jagvi Dave,SAVINGS,ACTIVE,2022-01-17,VERIFIED,LOW,INDIA,16,183209.03,ICIC0279185,Broadcast presenter,1573042,SALARIED,2026-08-28
ACC-12310X5,CUS-URYBL2O,Bhavya Loyal,SAVINGS,ACTIVE,2022-02-02,VERIFIED,LOW,INDIA,19,257419.56,ICIC0224348,Diagnostic radiographer,2549841,MASS_AFFLUENT,2026-08-29
ACC-1FSOC4W,CUS-PY1ZGQT,Riya Bansal,SAVINGS,ACTIVE,2021-03-24,VERIFIED,LOW,INDIA,19,232003.59,INDB0189755,Broadcast engineer,1724330,MASS_AFFLUENT,2026-08-29
ACC-1I3LDQY,CUS-UN3UVYR,Wishi Dutt,SALARY,ACTIVE,2026-07-08,VERIFIED,LOW,INDIA,5,33496.44,ICIC0783414,IT consultant,1085408,RETAIL,2026-08-25
ACC-1KDGW4L,CUS-DH6V1JZ,Chavvi Thaman,SAVINGS,ACTIVE,2023-06-01,VERIFIED,LOW,INDIA,18,464276.34,BARB0933958,Make,7476057,PREMIUM,2026-08-29
ACC-1RZBK6K,CUS-T7MIIVD,Lakshit Agate,SALARY,ACTIVE,2022-03-27,VERIFIED,LOW,INDIA,17,183099.34,CNRB0184279,Automotive engineer,501768,SALARIED,2026-08-28
ACC-1SGFGFB,CUS-0G58G26,Chandran Ram,SAVINGS,ACTIVE,2021-05-26,VERIFIED,LOW,INDIA,14,82867.04,UTIB0932308,"Designer, exhibition/display",878381,RETAIL,2026-08-27
ACC-1YBPERH,CUS-8H90EVF,Aarna Dhillon,SALARY,ACTIVE,2024-06-22,VERIFIED,MEDIUM,INDIA,16,55267.65,UTIB0284267,Midwife,191734,STUDENT,2026-08-28
ACC-1ZF88JR,CUS-FTF6NJ8,Abhiram Bhargava,SALARY,ACTIVE,2025-05-17,VERIFIED,LOW,INDIA,18,57718.99,KOTAK0424314,Field trials officer,234684,STUDENT,2026-08-27
ACC-21YEFI7,CUS-TGH5OD8,Pranav Kumer,SAVINGS,ACTIVE,2022-11-12,VERIFIED,MEDIUM,INDIA,17,54488.17,KOTAK0740939,Ambulance person,222347,STUDENT,2026-08-29
ACC-22N64KF,CUS-S6VFPTO,Nidra Nayar,SAVINGS,ACTIVE,2025-07-06,VERIFIED,LOW,INDIA,10,49166.86,HDFC0303880,Copy,798216,RETAIL,2026-08-20
ACC-2919AHE,CUS-J8CX9J1,Anirudh Bains,SAVINGS,ACTIVE,2026-07-31,VERIFIED,LOW,INDIA,9,48612.60,KOTAK0526117,Conference centre manager,675190,RETAIL,2026-08-28
ACC-29GD8AF,CUS-PK054NZ,Bina Patil,SAVINGS,ACTIVE,2025-07-10,PENDING,HIGH,INDIA,6,36563.15,BARB0682765,Insurance claims handler,578085,RETAIL,2026-08-29
ACC-2DUG8RM,CUS-BVUKX7A,Ladli Chaudhary,SALARY,ACTIVE,2025-05-21,VERIFIED,LOW,INDIA,8,68800.94,UTIB0822171,Animal technologist,454679,SENIOR_CITIZEN,2026-08-26
ACC-2KLTALC,CUS-HVW48AK,Amruta Batta,SAVINGS,ACTIVE,2025-10-13,VERIFIED,LOW,INDIA,20,316200.55,UBIN0245295,Cartographer,1653627,MASS_AFFLUENT,2026-08-28
ACC-2N82WZM,CUS-TFC8VYI,Wishi Om,SAVINGS,ACTIVE,2020-05-18,VERIFIED,LOW,INDIA,15,314857.63,UBIN0371256,"Designer, ceramics/pottery",1535601,MASS_AFFLUENT,2026-08-29
ACC-2O8PT4M,CUS-X23SY67,Indali Suri,SALARY,ACTIVE,2025-04-17,VERIFIED,MEDIUM,INDIA,12,65638.12,SBIN0845957,Television production assistant,609428,SALARIED,2026-08-28
ACC-2TFKG9L,CUS-C5BLMEY,Yashoda Mukherjee,SAVINGS,ACTIVE,2022-11-07,VERIFIED,MEDIUM,INDIA,16,309924.22,INDB0530819,Contracting civil engineer,1973119,MASS_AFFLUENT,2026-08-29
ACC-2WFUDM7,CUS-ORMBF82,Aditya Tank,SAVINGS,ACTIVE,2023-12-08,VERIFIED,LOW,INDIA,19,171435.55,CNRB0504868,Mechanical engineer,1898310,SALARIED,2026-08-29
ACC-2WT1Q3T,CUS-MY4GPYW,Hemani Edwin,SAVINGS,ACTIVE,2026-02-12,VERIFIED,LOW,INDIA,10,58574.73,YESB0880841,Catering manager,1170357,RETAIL,2026-08-28
ACC-2WT59GL,CUS-FRI8MQE,Varsha Chada,SAVINGS,ACTIVE,2025-10-07,VERIFIED,MEDIUM,INDIA,20,175877.53,IDFB0665892,Paediatric nurse,1737395,SALARIED,2026-08-29
ACC-2Z1UBYH,CUS-8AECEW6,Manbir Shanker,SALARY,ACTIVE,2025-02-22,VERIFIED,LOW,INDIA,19,171398.77,KOTAK0509985,"Research officer, political party",1885636,SALARIED,2026-08-28
ACC-366FZX6,CUS-APK6I2K,Divya Shankar,SAVINGS,ACTIVE,2024-06-23,VERIFIED,LOW,INDIA,20,247809.52,YESB0144887,IT sales professional,958896,SALARIED,2026-08-28
ACC-3A1DU10,CUS-RH735X7,Amaira Jaggi,SAVINGS,ACTIVE,2025-08-03,VERIFIED,MEDIUM,INDIA,16,92880.72,KOTAK0946906,Health service manager,770665,RETAIL,2026-08-27
ACC-3A1MITK,CUS-DZTO1FG,Samaksh Lata,SAVINGS,ACTIVE,2025-03-29,VERIFIED,MEDIUM,INDIA,14,102641.42,SBIN0542828,Child psychotherapist,844676,RETAIL,2026-08-28
ACC-3AEYV7C,CUS-S1R8NFV,Ekanta Tella,SAVINGS,ACTIVE,2025-07-15,VERIFIED,LOW,INDIA,11,62714.10,ICIC0170260,"Doctor, general practice",787957,RETAIL,2026-08-27
ACC-3B2A3CW,CUS-49N0DFR,Elijah Mangat,SAVINGS,ACTIVE,2024-02-06,VERIFIED,LOW,INDIA,17,42425.06,KOTAK0151988,"Engineer, drilling",192389,STUDENT,2026-08-29
ACC-3CP78ZC,CUS-9Y7DMS2,Quincy Kapadia,SALARY,ACTIVE,2020-12-10,VERIFIED,MEDIUM,INDIA,10,71576.69,SBIN0573639,Equality and diversity officer,608721,SENIOR_CITIZEN,2026-08-24
ACC-3DFDRGV,CUS-GS4VDH6,Alka Shan,SAVINGS,ACTIVE,2020-04-29,VERIFIED,LOW,INDIA,14,104488.27,SBIN0854075,Travel agency manager,443028,RETAIL,2026-08-29
ACC-3HQ57UY,CUS-ZHWW3LT,Lohit Dhaliwal,SAVINGS,ACTIVE,2022-08-09,VERIFIED,LOW,INDIA,20,160901.39,ICIC0244564,Best boy,883872,SALARIED,2026-08-29
ACC-3JPJT10,CUS-UEN0RSK,Tara Puri,SAVINGS,ACTIVE,2023-06-20,VERIFIED,LOW,INDIA,15,429256.87,BARB0687019,Corporate treasurer,1258099,MASS_AFFLUENT,2026-08-28
ACC-3RAVC2U,CUS-9YFZQLP,Saksham Dugal,SAVINGS,ACTIVE,2023-10-13,VERIFIED,LOW,INDIA,11,71168.86,SBIN0553360,Ship broker,721943,SENIOR_CITIZEN,2026-08-28
ACC-43VVT0V,CUS-KG3C5OA,Waida Loyal,SAVINGS,ACTIVE,2020-11-19,VERIFIED,MEDIUM,INDIA,17,403608.55,IDFB0107052,Chief Operating Officer,5153376,PREMIUM,2026-08-29
ACC-44CI4J3,CUS-8V30D7T,Andrew Mann,SAVINGS,ACTIVE,2025-11-27,VERIFIED,LOW,INDIA,16,55158.94,UTIB0493468,Dispensing optician,271361,STUDENT,2026-08-29
ACC-4CSKJ3F,CUS-FONJK67,Chakradev Gola,SALARY,ACTIVE,2022-04-25,VERIFIED,HIGH,INDIA,19,58209.24,KOTAK0736356,Production manager,214454,STUDENT,2026-08-26
ACC-4EVB2Y6,CUS-O6AOBHT,Bachittar Nadig,SAVINGS,ACTIVE,2023-05-21,VERIFIED,LOW,INDIA,21,468755.42,IDFB0139748,"Engineer, agricultural",4488184,PREMIUM,2026-08-29
ACC-4IKMOC0,CUS-AR0OMNE,Charles Bail,SALARY,ACTIVE,2020-08-15,VERIFIED,LOW,INDIA,20,156059.32,YESB0428096,Tree surgeon,1396649,SALARIED,2026-08-29
ACC-4JNUCYD,CUS-X14NDNB,Elijah Ghosh,SALARY,ACTIVE,2024-02-21,VERIFIED,MEDIUM,INDIA,10,60677.77,ICIC0650269,Ambulance person,372623,SENIOR_CITIZEN,2026-08-27
ACC-4L5GTCY,CUS-FDVW10H,Vasana Sharma,SAVINGS,ACTIVE,2025-12-27,VERIFIED,LOW,INDIA,20,327044.99,INDB0626806,Insurance underwriter,2345461,PREMIUM,2026-08-28
ACC-4NOUWR6,CUS-1RDEXW2,Qadim Singhal,CURRENT,ACTIVE,2020-03-17,VERIFIED,LOW,INDIA,14,285088.53,ICIC0826897,Business Owner,6008916,BUSINESS,2026-08-21
ACC-4OGW9XH,CUS-RO199BR,David Chand,SAVINGS,ACTIVE,2025-09-11,VERIFIED,LOW,INDIA,6,33984.86,KOTAK0876962,"Therapist, occupational",668074,RETAIL,2026-08-19
ACC-4SBKXCS,CUS-JBGNU66,Timothy Sami,SAVINGS,ACTIVE,2019-08-01,VERIFIED,LOW,INDIA,19,70152.62,HDFC0627953,Sport and exercise psychologist,292244,STUDENT,2026-08-27
ACC-4Z56RJ3,CUS-GHQ55OI,Bhavika Char,SAVINGS,ACTIVE,2025-05-08,VERIFIED,LOW,INDIA,17,111597.53,CNRB0201013,Best boy,487795,RETAIL,2026-08-27
ACC-4ZXTX1L,CUS-8RG22KI,Karan Chakrabarti,SAVINGS,ACTIVE,2026-01-19,VERIFIED,LOW,INDIA,18,44673.13,PUNB0133141,"Programme researcher, broadcasting/film/video",172026,STUDENT,2026-08-29
ACC-52SOMK1,CUS-7MFBGNC,Peter Panchal,SAVINGS,ACTIVE,2021-07-16,VERIFIED,MEDIUM,INDIA,16,176684.90,IDFB0698076,"Producer, television/film/video",888611,SALARIED,2026-08-27
ACC-52Y4R1F,CUS-1XL11FC,Gautami Suri,SALARY,ACTIVE,2024-05-17,VERIFIED,LOW,INDIA,18,59059.03,CNRB0255825,Farm manager,258222,STUDENT,2026-08-29
ACC-56Q8V88,CUS-BC1HY2U,Anika Issac,SALARY,ACTIVE,2025-09-17,VERIFIED,LOW,INDIA,10,61328.99,HDFC0507980,Pharmacologist,883707,SENIOR_CITIZEN,2026-08-25
ACC-5DFNIAJ,CUS-J28SY2M,Oni Kuruvilla,SAVINGS,ACTIVE,2022-10-03,VERIFIED,LOW,INDIA,21,416385.11,IDFB0988811,Transport planner,6888268,PREMIUM,2026-08-29
ACC-5FAALFS,CUS-04INJR7,Wriddhish Golla,CURRENT,ACTIVE,2023-06-08,PENDING,LOW,INDIA,13,472680.40,SBIN0920597,Business Owner,5934245,BUSINESS,2026-08-26
ACC-5FVDDWJ,CUS-8GI5OU9,Oviya Korpal,SALARY,ACTIVE,2025-11-16,VERIFIED,LOW,INDIA,17,56461.66,YESB0669097,Midwife,219029,STUDENT,2026-08-29
ACC-5I78U5T,CUS-Q9DZGKD,Girindra Bala,SALARY,ACTIVE,2025-01-13,VERIFIED,LOW,INDIA,18,374545.95,CNRB0531762,Occupational psychologist,6676577,PREMIUM,2026-08-29
ACC-5JN7BS0,CUS-8I4W02B,Timothy Bawa,SAVINGS,ACTIVE,2025-11-13,VERIFIED,LOW,INDIA,15,316945.31,UTIB0798199,"Optician, dispensing",1918887,MASS_AFFLUENT,2026-08-29
ACC-5LSCATG,CUS-VS3875I,Umang Bajaj,CURRENT,ACTIVE,2023-12-15,VERIFIED,LOW,INDIA,17,487468.24,ICIC0929179,Business Owner,6828038,BUSINESS,2026-08-29
ACC-5R5L6RZ,CUS-OID7148,Barkha Padmanabhan,SAVINGS,ACTIVE,2021-09-13,VERIFIED,LOW,INDIA,18,98956.80,INDB0320989,Building control surveyor,426215,RETAIL,2026-08-29
ACC-5ZTKB9Z,CUS-V14WZZE,Daksha Narayan,SALARY,ACTIVE,2019-12-21,VERIFIED,LOW,INDIA,20,468912.37,BARB0786433,Accommodation manager,2888357,MASS_AFFLUENT,2026-08-29
ACC-66NW7Y6,CUS-ELJWV3I,Lucky Naik,SAVINGS,ACTIVE,2021-09-12,VERIFIED,MEDIUM,INDIA,19,507618.43,ICIC0913063,"Journalist, magazine",2470542,MASS_AFFLUENT,2026-08-29
ACC-69BY4CY,CUS-GVICW8V,Eiravati Srinivas,SAVINGS,ACTIVE,2022-04-13,VERIFIED,LOW,INDIA,13,183915.84,SBIN0579911,"Scientist, forensic",2524846,MASS_AFFLUENT,2026-08-28
ACC-6BQKDJU,CUS-3IWKDRX,Yuvraj Agate,SAVINGS,ACTIVE,2025-07-27,VERIFIED,LOW,INDIA,8,51699.42,KOTAK0727847,Counsellor,855338,SENIOR_CITIZEN,2026-08-25
ACC-6EK26Y9,CUS-NA6367Q,Udyati Kata,SAVINGS,ACTIVE,2023-02-08,VERIFIED,LOW,INDIA,14,478847.53,UBIN0391248,"Lecturer, further education",2318968,MASS_AFFLUENT,2026-08-27
ACC-6EUC1G7,CUS-UM9CAPI,Ekavir Shukla,SAVINGS,ACTIVE,2023-02-21,VERIFIED,LOW,INDIA,10,78011.01,CNRB0193020,Operational researcher,808042,SENIOR_CITIZEN,2026-08-27
ACC-6GN8W9U,CUS-V82DIB4,Libni Bala,SAVINGS,ACTIVE,2025-07-06,VERIFIED,LOW,INDIA,13,88756.34,ICIC0746253,Psychotherapist,487677,RETAIL,2026-08-25
ACC-6HHR8X8,CUS-C28N1GP,Jairaj Nayar,SAVINGS,ACTIVE,2023-03-03,VERIFIED,LOW,INDIA,16,281676.89,PUNB0763508,Mental health nurse,1640146,MASS_AFFLUENT,2026-08-29
ACC-6I5A7D9,CUS-146LLIG,Idika Mandal,SAVINGS,ACTIVE,2022-07-04,VERIFIED,LOW,INDIA,11,58434.12,UBIN0408463,Lobbyist,739001,SENIOR_CITIZEN,2026-08-28
ACC-6K088ZF,CUS-N749AHW,Pratyush Mittal,CURRENT,ACTIVE,2023-05-20,VERIFIED,LOW,INDIA,17,294654.39,HDFC0641975,Business Owner,5331839,BUSINESS,2026-08-25
ACC-6O9YZPF,CUS-322F52U,Unni Sharaf,SALARY,ACTIVE,2024-12-18,VERIFIED,LOW,INDIA,21,180172.61,BARB0419394,"Pharmacist, community",1651543,SALARIED,2026-08-26
ACC-6OC7T3B,CUS-D4Z1G52,Bhavya Amble,SAVINGS,ACTIVE,2025-10-13,VERIFIED,LOW,INDIA,9,58863.19,PUNB0499407,Social researcher,368872,RETAIL,2026-08-24
ACC-6SR17OT,CUS-FT0UFFE,Niharika Sengupta,SAVINGS,ACTIVE,2019-08-31,PENDING,LOW,INDIA,16,227473.71,HDFC0866296,Trade mark attorney,2089713,PREMIUM,2026-08-29
ACC-6Y3A5Z1,CUS-DT1QH26,Waida Chakraborty,SALARY,ACTIVE,2020-02-12,VERIFIED,LOW,INDIA,12,33942.36,PUNB0453491,Careers adviser,149274,STUDENT,2026-08-29
ACC-6YHRDU3,CUS-90E4B0O,Jason Patil,SALARY,ACTIVE,2019-07-18,VERIFIED,LOW,INDIA,11,75983.67,INDB0987386,Insurance claims handler,1100040,RETAIL,2026-08-28
ACC-70SBOVV,CUS-PN8DPOY,Imaran Vig,SAVINGS,ACTIVE,2026-01-18,VERIFIED,LOW,INDIA,15,67607.09,ICIC0721418,Community pharmacist,248881,STUDENT,2026-08-29
ACC-70X3FG6,CUS-IZED1IP,Nicholas Bakshi,SALARY,ACTIVE,2021-09-16,VERIFIED,LOW,INDIA,16,287175.11,YESB0713110,"Restaurant manager, fast food",1689918,MASS_AFFLUENT,2026-08-29
ACC-73J6IUU,CUS-KZTV668,Manya Singh,CURRENT,ACTIVE,2022-10-03,VERIFIED,MEDIUM,INDIA,15,378281.90,CNRB0821466,Business Owner,5696448,BUSINESS,2026-08-24
ACC-772URMS,CUS-PVPXO3U,Krisha Chokshi,SAVINGS,ACTIVE,2021-02-15,VERIFIED,LOW,INDIA,16,242388.85,YESB0734617,"Producer, radio",1238165,SALARIED,2026-08-27
ACC-79O2XZ3,CUS-6JWB4GS,Harini Saran,SAVINGS,ACTIVE,2024-07-11,VERIFIED,LOW,INDIA,8,54045.85,PUNB0830609,Clinical embryologist,659731,SENIOR_CITIZEN,2026-08-28
ACC-7F16XBX,CUS-TLNV5MO,Bimala Narang,SAVINGS,ACTIVE,2023-12-04,VERIFIED,LOW,INDIA,10,58667.94,SBIN0794083,Phytotherapist,712107,SALARIED,2026-08-22
ACC-7SFQM9R,CUS-IT8F6KJ,Tristan Natarajan,SAVINGS,ACTIVE,2022-05-01,VERIFIED,LOW,INDIA,20,180585.76,IDFB0536822,Barrister,595340,SALARIED,2026-08-26
ACC-7YJPCHM,CUS-B2U0J0N,Yug Sur,SAVINGS,ACTIVE,2020-10-29,VERIFIED,LOW,INDIA,10,61507.14,YESB0281594,"Engineer, technical sales",444789,SENIOR_CITIZEN,2026-08-21
ACC-7YVR4NK,CUS-4AUEDI6,Zansi Bhasin,CURRENT,ACTIVE,2020-10-28,VERIFIED,LOW,INDIA,19,308846.58,PUNB0597526,Business Owner,4098792,BUSINESS,2026-08-29
ACC-8192CA3,CUS-SKAD4RQ,Nathaniel Bir,SALARY,ACTIVE,2019-07-22,VERIFIED,LOW,INDIA,9,74198.20,UBIN0970840,Adult guidance worker,347694,SENIOR_CITIZEN,2026-08-29
ACC-8L3178T,CUS-W48OF2T,Chandresh Pandey,SALARY,ACTIVE,2024-05-15,VERIFIED,LOW,INDIA,18,68973.53,KOTAK0615827,"Producer, radio",122767,STUDENT,2026-08-29
ACC-8MFT3J4,CUS-1BHKJ25,Chandran Babu,CURRENT,ACTIVE,2021-01-27,VERIFIED,LOW,INDIA,12,205958.09,IDFB0988803,Business Owner,1227166,BUSINESS,2026-08-27
ACC-8R8KUSS,CUS-R6GI0DR,Chakradhar Pau,SAVINGS,ACTIVE,2023-04-26,VERIFIED,LOW,INDIA,17,219366.76,SBIN0534346,Hospital pharmacist,1918166,SALARIED,2026-08-28
ACC-90ZASH1,CUS-SR7UXKJ,Girik Comar,SAVINGS,ACTIVE,2021-12-14,VERIFIED,HIGH,INDIA,19,298205.50,UBIN0241913,Politician's assistant,1641696,MASS_AFFLUENT,2026-08-27
ACC-9535HJH,CUS-WFNSLK6,Kalpit Kalla,SAVINGS,ACTIVE,2023-09-26,VERIFIED,LOW,INDIA,15,231461.01,IDFB0809790,Broadcast journalist,1578680,MASS_AFFLUENT,2026-08-28
ACC-95IUZ6Y,CUS-6APDV1A,Nathaniel Subramanian,SALARY,ACTIVE,2022-12-14,VERIFIED,LOW,INDIA,10,71900.59,CNRB0376331,Multimedia programmer,749788,SENIOR_CITIZEN,2026-08-29
ACC-9EC6G61,CUS-0G3QWQF,Ekaja Sule,SAVINGS,ACTIVE,2024-02-07,VERIFIED,LOW,INDIA,15,94180.45,SBIN0802818,Risk analyst,387336,RETAIL,2026-08-29
ACC-9ET83Z0,CUS-PP9K4YE,Lekha Dass,SAVINGS,ACTIVE,2021-04-13,VERIFIED,LOW,INDIA,13,55048.68,BARB0846490,Veterinary surgeon,268691,STUDENT,2026-08-28
ACC-9F5G3UK,CUS-EL3Q4Q2,Oscar Batta,SAVINGS,ACTIVE,2020-08-22,VERIFIED,LOW,INDIA,18,147792.84,HDFC0637373,Veterinary surgeon,1357804,SALARIED,2026-08-28
ACC-9FM8D7M,CUS-46BH8LB,Nicholas Choudhury,SAVINGS,ACTIVE,2019-08-14,VERIFIED,MEDIUM,INDIA,18,408667.30,CNRB0456470,"Engineer, electrical",2042631,MASS_AFFLUENT,2026-08-28
ACC-9FN202S,CUS-K10IFJN,Siddharth Ramesh,SALARY,ACTIVE,2022-05-10,VERIFIED,LOW,INDIA,18,388551.30,ICIC0584567,Veterinary surgeon,2058701,MASS_AFFLUENT,2026-08-28
ACC-9JHCAZ8,CUS-9FTNWN0,Chatura Anand,SAVINGS,ACTIVE,2023-08-22,VERIFIED,LOW,INDIA,23,257648.65,IDFB0675512,Retail banker,880335,SALARIED,2026-08-27
ACC-9K6DZQ5,CUS-1WW0WDP,Aadi Babu,SAVINGS,ACTIVE,2025-03-01,VERIFIED,LOW,INDIA,14,434740.76,YESB0542995,Social researcher,2165356,PREMIUM,2026-08-27
ACC-9LQY3T3,CUS-SY94EVI,Jason Rau,CURRENT,ACTIVE,2024-05-19,VERIFIED,LOW,INDIA,15,305362.20,UTIB0878246,Business Owner,8565259,BUSINESS,2026-08-28
ACC-9PH3I37,CUS-9U26192,Tara Bawa,SAVINGS,ACTIVE,2025-07-09,VERIFIED,LOW,INDIA,8,49975.60,CNRB0181247,"Runner, broadcasting/film/video",1180660,RETAIL,2026-08-27
ACC-9RGDKUY,CUS-LW89Z4I,William Chaudry,SAVINGS,ACTIVE,2024-05-16,VERIFIED,LOW,INDIA,16,269364.44,INDB0488131,"Lecturer, higher education",2742292,MASS_AFFLUENT,2026-08-26
ACC-9WHSBP1,CUS-ZUYZY18,Atharv Ramanathan,SAVINGS,ACTIVE,2020-10-15,VERIFIED,MEDIUM,INDIA,14,399453.26,SBIN0231647,"Psychologist, educational",5500025,PREMIUM,2026-08-28
ACC-9XA4KWG,CUS-49ZN4Y3,Kabir Master,SAVINGS,ACTIVE,2024-09-03,VERIFIED,LOW,INDIA,19,455450.86,PUNB0660060,"Research officer, trade union",7660209,PREMIUM,2026-08-25
ACC-9XM091Z,CUS-1P7RS8R,Ishwar Krishnan,SAVINGS,ACTIVE,2024-01-26,VERIFIED,LOW,INDIA,10,56634.79,SBIN0436219,"Therapist, art",415717,SENIOR_CITIZEN,2026-08-25
ACC-A170XC7,CUS-1O4YWG1,Nimrat Memon,SALARY,ACTIVE,2023-07-05,VERIFIED,LOW,INDIA,15,189410.59,ICIC0647923,Control and instrumentation engineer,1040656,SALARIED,2026-08-27
ACC-A78MX1E,CUS-VUHT6T0,Lavanya Brar,SALARY,ACTIVE,2025-07-29,VERIFIED,LOW,INDIA,7,50994.76,YESB0282480,Banker,433470,RETAIL,2026-08-24
ACC-A7NMSK8,CUS-AGN64XL,Jagrati Sankaran,CURRENT,ACTIVE,2024-02-02,VERIFIED,LOW,INDIA,9,280214.50,PUNB0588533,Business Owner,1746616,BUSINESS,2026-08-21
ACC-ACB7G6Z,CUS-5CKSTBO,Netra Prakash,SAVINGS,ACTIVE,2024-09-23,VERIFIED,LOW,INDIA,17,384461.33,BARB0868227,Pathologist,2641955,PREMIUM,2026-08-28
ACC-AG8VFMI,CUS-42KTV4J,Jyoti Sharaf,SAVINGS,ACTIVE,2023-02-12,VERIFIED,MEDIUM,INDIA,17,335529.63,INDB0535457,Illustrator,6568789,PREMIUM,2026-08-29
ACC-AH3XM2A,CUS-OO5XCR5,Panini Ranganathan,SAVINGS,ACTIVE,2021-09-03,VERIFIED,LOW,INDIA,19,459238.26,ICIC0815531,Occupational therapist,6628709,PREMIUM,2026-08-28
ACC-AK04VVG,CUS-LWTK38L,Max Walla,SALARY,ACTIVE,2020-12-30,VERIFIED,LOW,INDIA,15,114001.60,IDFB0605998,Office manager,1066461,RETAIL,2026-08-25
ACC-AMA18WP,CUS-7C2K7OL,Anirudh Saran,SALARY,ACTIVE,2020-05-09,VERIFIED,MEDIUM,INDIA,14,144947.72,PUNB0361897,Video editor,1295019,SALARIED,2026-08-27
ACC-AO08CAP,CUS-DEDI2LS,Riya Dasgupta,SALARY,ACTIVE,2023-05-18,VERIFIED,MEDIUM,INDIA,16,106514.29,KOTAK0315860,English as a second language teacher,801954,RETAIL,2026-08-27
ACC-ARN9585,CUS-UPU3469,Diya Munshi,SAVINGS,ACTIVE,2025-03-31,VERIFIED,MEDIUM,INDIA,16,126931.38,BARB0219185,"Engineer, energy",1590391,SALARIED,2026-08-28
ACC-AWXUF9Q,CUS-I0SUDAW,Warhi Ganguly,SAVINGS,ACTIVE,2024-02-19,PENDING,LOW,INDIA,22,721708.76,KOTAK0756649,Diagnostic radiographer,7772330,PREMIUM,2026-08-28
ACC-B2JA7EF,CUS-VUZK1DZ,Hiral Purohit,SAVINGS,ACTIVE,2019-09-03,VERIFIED,LOW,INDIA,14,94814.62,HDFC0878774,Communications engineer,610089,RETAIL,2026-08-27
ACC-B56HEP2,CUS-U0MUOHU,Bakhshi Bhakta,SAVINGS,ACTIVE,2021-06-28,VERIFIED,LOW,INDIA,17,452565.47,UTIB0739037,Public affairs consultant,6063506,PREMIUM,2026-08-29
ACC-B5SQ0ZY,CUS-CMVO84W,Ayush Narayanan,SAVINGS,ACTIVE,2024-02-01,VERIFIED,MEDIUM,INDIA,16,245903.08,KOTAK0451936,Quantity surveyor,2720826,MASS_AFFLUENT,2026-08-29
ACC-B5UL5NW,CUS-QVRR9A7,Nathaniel Sastry,SAVINGS,ACTIVE,2026-04-05,VERIFIED,LOW,INDIA,10,64275.48,UTIB0118080,"Engineer, electronics",882144,RETAIL,2026-08-23
ACC-BDH02YH,CUS-9Q4JNAT,Warhi Dubey,SAVINGS,ACTIVE,2020-04-12,VERIFIED,LOW,INDIA,10,80919.77,KOTAK0621917,Health visitor,443826,SENIOR_CITIZEN,2026-08-28
ACC-BQR9LC5,CUS-BDFUTE0,Chandran Kalita,SAVINGS,ACTIVE,2021-08-31,VERIFIED,LOW,INDIA,17,67105.14,YESB0708614,"Sound technician, broadcasting/film/video",156847,STUDENT,2026-08-29
ACC-BRCL472,CUS-RL15F4W,Charan Deo,SALARY,ACTIVE,2026-07-16,VERIFIED,LOW,INDIA,8,47204.05,PUNB0519904,Building services engineer,1199398,RETAIL,2026-08-26
ACC-BS5FI6E,CUS-HLJ2XLQ,Sachi Joshi,SALARY,ACTIVE,2020-03-14,VERIFIED,HIGH,INDIA,17,250243.35,HDFC0907789,Contractor,3293106,PREMIUM,2026-08-29
ACC-BVN8NN8,CUS-7Q94JBY,Daksha Dhar,SALARY,ACTIVE,2025-06-10,VERIFIED,LOW,INDIA,11,82088.68,KOTAK0993473,Network engineer,355663,RETAIL,2026-08-23
ACC-BX9X39I,CUS-FETZ470,Indrajit Grewal,SAVINGS,ACTIVE,2024-09-16,VERIFIED,MEDIUM,INDIA,8,67640.91,PUNB0678083,Radio producer,377767,SENIOR_CITIZEN,2026-08-25
ACC-C04T2VY,CUS-4II6322,Odika Chhabra,SAVINGS,ACTIVE,2025-02-11,VERIFIED,LOW,INDIA,19,219709.03,IDFB0564620,"Engineer, broadcasting (operations)",988263,SALARIED,2026-08-29
ACC-C3DXMRX,CUS-36ZHBPX,Azad Nagi,CURRENT,ACTIVE,2021-02-10,VERIFIED,LOW,INDIA,12,274201.56,SBIN0128783,Business Owner,7082741,BUSINESS,2026-08-29
ACC-C3Y7HAT,CUS-CFV3CG7,Zayan Swaminathan,SAVINGS,ACTIVE,2022-08-13,VERIFIED,LOW,INDIA,18,281407.94,INDB0223365,Prison officer,1800975,MASS_AFFLUENT,2026-08-29
ACC-C46C17Z,CUS-4G25PF9,Janya Kakar,SAVINGS,ACTIVE,2023-09-03,VERIFIED,LOW,INDIA,18,107624.08,SBIN0581592,Leisure centre manager,550675,RETAIL,2026-08-29
ACC-C4XYJLC,CUS-90OUP0U,Jagvi Badal,SAVINGS,ACTIVE,2021-12-07,PENDING,LOW,INDIA,21,323118.77,ICIC0587686,Press sub,2886819,MASS_AFFLUENT,2026-08-29
ACC-C9ODQQB,CUS-W8CPWGE,Netra Rau,CURRENT,ACTIVE,2020-05-20,VERIFIED,LOW,INDIA,15,579752.00,ICIC0396835,Business Owner,4289406,BUSINESS,2026-08-28
ACC-CAIKVW2,CUS-Z3RY40K,Yahvi Joshi,SAVINGS,ACTIVE,2024-04-30,VERIFIED,LOW,INDIA,15,130079.75,ICIC0741055,Holiday representative,1693160,SALARIED,2026-08-29
ACC-CBKOGG5,CUS-4UOPGLY,Hemangini Deshpande,SAVINGS,ACTIVE,2023-04-23,VERIFIED,LOW,INDIA,10,77217.50,ICIC0212890,Media buyer,376421,SENIOR_CITIZEN,2026-08-24
ACC-CDP9AJG,CUS-3FW3383,Deepa Kumar,SAVINGS,ACTIVE,2024-11-25,PENDING,LOW,INDIA,15,177523.59,BARB0836405,Solicitor,1189377,SALARIED,2026-08-27
ACC-CEM9N4N,CUS-VTANMH4,Peter Sagar,SAVINGS,ACTIVE,2023-10-28,VERIFIED,LOW,INDIA,22,473999.13,BARB0477114,Dietitian,5911192,PREMIUM,2026-08-29
ACC-CEQUA7O,CUS-V77G1P4,Jairaj Viswanathan,SAVINGS,ACTIVE,2024-06-13,VERIFIED,LOW,INDIA,17,66332.79,UBIN0273438,Freight forwarder,280671,STUDENT,2026-08-27
ACC-CER8CLU,CUS-PY8VYIF,Bimala Chawla,SAVINGS,ACTIVE,2021-03-19,VERIFIED,LOW,INDIA,17,52741.47,UTIB0386604,Investment analyst,139927,STUDENT,2026-08-27
ACC-CFU5HYS,CUS-3T2O90S,Rudra Rama,SAVINGS,ACTIVE,2020-10-12,VERIFIED,LOW,INDIA,10,81564.00,INDB0809381,Historic buildings inspector/conservation officer,488006,SENIOR_CITIZEN,2026-08-29
ACC-CR0F5PX,CUS-2TN7TLH,Darsh Devi,SAVINGS,ACTIVE,2025-01-28,VERIFIED,LOW,INDIA,18,62339.26,CNRB0649063,Speech and language therapist,252643,STUDENT,2026-08-29
ACC-CT2CXIF,CUS-SU0LMI8,Indali D’Alia,SALARY,ACTIVE,2026-01-04,VERIFIED,MEDIUM,INDIA,9,44011.25,UBIN0591081,Call centre manager,569452,RETAIL,2026-08-20
ACC-CTT593O,CUS-BAJQT4H,Samar Dhawan,SALARY,ACTIVE,2020-08-07,PENDING,LOW,INDIA,13,436802.53,YESB0881782,Herpetologist,2803730,MASS_AFFLUENT,2026-08-28
ACC-CUG7RQ8,CUS-LYYXE7Q,Ishani Madan,SAVINGS,ACTIVE,2021-07-25,VERIFIED,LOW,INDIA,11,81698.80,PUNB0341162,Production manager,810511,SENIOR_CITIZEN,2026-08-25
ACC-D1I4N2E,CUS-X7Z97ZQ,Ekantika Bali,CURRENT,ACTIVE,2021-03-07,VERIFIED,LOW,INDIA,17,389091.75,YESB0838747,Business Owner,1866393,BUSINESS,2026-08-28
ACC-D6FLEEP,CUS-ZHPCF07,Chakrika Subramanian,SALARY,ACTIVE,2026-01-11,VERIFIED,LOW,INDIA,6,36903.08,UTIB0888387,Haematologist,550280,RETAIL,2026-08-22
ACC-D7761SU,CUS-YULJCN1,Yachana Chahal,SAVINGS,ACTIVE,2022-08-04,VERIFIED,MEDIUM,INDIA,15,197698.13,ICIC0402491,Travel agency manager,1803650,MASS_AFFLUENT,2026-08-29
ACC-D7CEDA0,CUS-IOEJAN6,Anmol Murthy,CURRENT,ACTIVE,2025-06-09,VERIFIED,LOW,INDIA,12,296502.71,IDFB0655134,Business Owner,5264521,BUSINESS,2026-08-27
ACC-DG0LKS9,CUS-L3XCFTU,Ladli Chauhan,SALARY,ACTIVE,2021-04-28,VERIFIED,LOW,INDIA,17,52407.89,UBIN0650131,Chief of Staff,137019,STUDENT,2026-08-29
ACC-DJKDFR2,CUS-1520RN6,Deepa Goel,SAVINGS,ACTIVE,2026-06-20,VERIFIED,LOW,INDIA,12,73612.38,BARB0514463,Garment/textile technologist,1011163,RETAIL,2026-08-29
ACC-DM7X52D,CUS-NR9IS25,Chanchal Lata,SAVINGS,ACTIVE,2026-07-29,VERIFIED,LOW,INDIA,14,70635.13,INDB0982277,Research scientist (life sciences),1044261,RETAIL,2026-08-29
ACC-DPFF5E8,CUS-II49KQ7,Geetika Hayre,SAVINGS,ACTIVE,2025-07-26,VERIFIED,LOW,INDIA,7,43316.03,BARB0491559,"Engineer, aeronautical",1091952,RETAIL,2026-08-27
ACC-DW6ET32,CUS-CDXSEF6,Karan Bedi,SALARY,ACTIVE,2022-07-22,VERIFIED,LOW,INDIA,16,453368.68,CNRB0625721,Advertising account planner,6795403,PREMIUM,2026-08-28
ACC-DY1MSMZ,CUS-LR7571G,Aayush Shan,SAVINGS,ACTIVE,2024-11-14,VERIFIED,LOW,INDIA,17,125806.67,UTIB0750348,"Solicitor, Scotland",337421,RETAIL,2026-08-26
ACC-DY7084P,CUS-4TFZC67,Falan Subramanian,SAVINGS,ACTIVE,2024-03-05,VERIFIED,HIGH,INDIA,19,200070.39,SBIN0757694,Media planner,589497,SALARIED,2026-08-29
ACC-E00V830,CUS-DN0YBY4,Gavin Narang,SAVINGS,ACTIVE,2025-12-03,VERIFIED,LOW,INDIA,8,58644.59,KOTAK0557007,Clinical cytogeneticist,864365,RETAIL,2026-08-29
ACC-E3YVZMZ,CUS-CAQHIU3,Qasim Shukla,CURRENT,ACTIVE,2025-05-08,VERIFIED,LOW,INDIA,15,441200.16,ICIC0979226,Business Owner,7682237,BUSINESS,2026-08-27
ACC-E6PR5N8,CUS-I4P40MG,Hemal Subramaniam,SAVINGS,ACTIVE,2025-08-22,VERIFIED,LOW,INDIA,9,54132.95,PUNB0455784,Corporate treasurer,789710,RETAIL,2026-08-24
ACC-E6SVH6Q,CUS-8Q2Y4PV,Samesh Naik,CURRENT,ACTIVE,2025-10-22,VERIFIED,MEDIUM,INDIA,16,688182.31,CNRB0532459,Business Owner,6478357,BUSINESS,2026-08-28
ACC-ECJ5B4C,CUS-3KEGH5O,Jacob Dani,SAVINGS,ACTIVE,2022-05-02,VERIFIED,MEDIUM,INDIA,22,186964.27,YESB0931627,Research scientist (life sciences),753341,SALARIED,2026-08-29
ACC-ECTS377,CUS-V1IV5WM,Janya Bobal,SALARY,ACTIVE,2023-07-22,VERIFIED,LOW,INDIA,18,168497.35,UTIB0930605,Civil Service fast streamer,545955,SALARIED,2026-08-29
ACC-EM2IFVH,CUS-C3DK1Z5,Odika Dugal,SALARY,ACTIVE,2024-03-06,VERIFIED,LOW,INDIA,12,94051.77,PUNB0778720,Retail buyer,588339,RETAIL,2026-08-29
ACC-EOGKKC0,CUS-6GUU9MN,Orinder Chatterjee,SALARY,ACTIVE,2023-07-06,VERIFIED,LOW,INDIA,11,85532.96,UTIB0581061,Medical secretary,673897,SENIOR_CITIZEN,2026-08-28
ACC-ER1KTGJ,CUS-3GHPB3L,Balveer Kadakia,SAVINGS,ACTIVE,2020-02-29,VERIFIED,LOW,INDIA,16,231779.11,CNRB0551777,"Engineer, drilling",1376300,MASS_AFFLUENT,2026-08-26
ACC-EYNINT1,CUS-4KTM63R,Advika Mann,SAVINGS,ACTIVE,2021-02-12,VERIFIED,LOW,INDIA,19,463098.02,ICIC0195528,Town planner,6118459,PREMIUM,2026-08-29
ACC-EZC1B3E,CUS-U1Z0SHZ,Sachi Rana,SAVINGS,ACTIVE,2026-01-09,VERIFIED,LOW,INDIA,10,64061.44,SBIN0717476,"Editor, film/video",1172442,RETAIL,2026-08-27
ACC-FH01XWM,CUS-UWBTKW2,Jason Raj,SALARY,ACTIVE,2023-07-01,PENDING,MEDIUM,INDIA,16,153630.88,UTIB0972881,Advertising art director,679965,SALARIED,2026-08-24
ACC-FPEA0JL,CUS-4I7T40V,Anjali Dugal,CURRENT,ACTIVE,2022-11-25,VERIFIED,LOW,INDIA,15,236055.45,ICIC0544198,Business Owner,5021948,BUSINESS,2026-08-28
ACC-FV4B1K1,CUS-KDGVNM0,Teerth Prashad,SAVINGS,ACTIVE,2022-10-12,VERIFIED,LOW,INDIA,17,328217.45,UTIB0191884,"Nurse, learning disability",2352726,MASS_AFFLUENT,2026-08-26
ACC-FW9S351,CUS-6ZMQLMR,Unnati Prabhakar,SAVINGS,ACTIVE,2022-08-15,VERIFIED,LOW,INDIA,10,65921.73,SBIN0212783,Diagnostic radiographer,811528,SENIOR_CITIZEN,2026-08-29
ACC-FZGLI4U,CUS-PAQYP2R,Chaman Bansal,SALARY,ACTIVE,2019-09-10,VERIFIED,LOW,INDIA,21,70466.15,HDFC0819400,Solicitor,188564,STUDENT,2026-08-29
ACC-FZVE9L4,CUS-UWNRLM5,Ekalinga Sengupta,SAVINGS,ACTIVE,2023-02-20,VERIFIED,LOW,INDIA,14,427486.19,UTIB0182300,Theatre stage manager,7189166,PREMIUM,2026-08-27
ACC-G7ECILC,CUS-MG5MGCY,Sachi Rajagopal,CURRENT,ACTIVE,2023-03-31,VERIFIED,MEDIUM,INDIA,13,149356.39,HDFC0183840,Business Owner,6300824,BUSINESS,2026-08-29
ACC-G8WJAI7,CUS-SX50VKG,Banjeet Dewan,SAVINGS,ACTIVE,2023-08-21,VERIFIED,LOW,INDIA,14,409196.52,UTIB0582860,"Civil engineer, consulting",6623069,PREMIUM,2026-08-24
ACC-G9O9YP6,CUS-SDYY0U9,Dalbir Dhingra,SAVINGS,ACTIVE,2023-11-03,VERIFIED,LOW,INDIA,17,85567.36,IDFB0732697,Theme park manager,964575,RETAIL,2026-08-29
ACC-G9YS831,CUS-7QKY3PI,Nilima Sahota,SALARY,ACTIVE,2025-02-26,VERIFIED,LOW,INDIA,11,63557.16,UTIB0362682,Purchasing manager,653928,RETAIL,2026-08-29
ACC-GA3ZIBH,CUS-7RPX246,Jagat Sem,SAVINGS,ACTIVE,2026-01-30,VERIFIED,LOW,INDIA,13,86281.85,INDB0519603,Information systems manager,317438,SENIOR_CITIZEN,2026-08-29
ACC-GCNM08K,CUS-XBTT6H5,Kamya Shroff,CURRENT,ACTIVE,2021-07-07,VERIFIED,LOW,INDIA,18,468819.78,PUNB0491246,Business Owner,1751100,BUSINESS,2026-08-29
ACC-GE49DBZ,CUS-7FGQJFY,Hemangini Date,SAVINGS,ACTIVE,2022-12-06,VERIFIED,LOW,INDIA,17,461506.35,CNRB0440998,Psychotherapist,2958499,MASS_AFFLUENT,2026-08-29
ACC-GFAT2XR,CUS-GIFL129,Tanveer Baral,SAVINGS,ACTIVE,2025-02-09,VERIFIED,LOW,INDIA,11,75407.63,PUNB0506637,Planning and development surveyor,397584,SENIOR_CITIZEN,2026-08-28
ACC-GG2KTBC,CUS-UDSWX1J,Anamika Sule,SAVINGS,ACTIVE,2026-04-12,VERIFIED,LOW,INDIA,8,51351.21,BARB0621841,Air traffic controller,478240,RETAIL,2026-08-23
ACC-GG7JPM7,CUS-3POTFCF,Aadi Naidu,SALARY,ACTIVE,2019-12-02,VERIFIED,LOW,INDIA,9,74707.00,CNRB0693343,"Research officer, government",309909,SENIOR_CITIZEN,2026-08-27
ACC-GL64TPK,CUS-UEKLV3J,Amol Mitra,SAVINGS,ACTIVE,2021-04-26,VERIFIED,LOW,INDIA,14,106451.44,PUNB0596846,"Engineer, mining",576648,RETAIL,2026-08-28
ACC-H1RJFUI,CUS-LYWU514,Lekha Purohit,SAVINGS,ACTIVE,2024-07-25,VERIFIED,LOW,INDIA,8,68719.99,INDB0341292,Building services engineer,701798,SENIOR_CITIZEN,2026-08-29
ACC-H3FNBDV,CUS-PINE9NN,Yadavi Sastry,SAVINGS,ACTIVE,2025-01-07,VERIFIED,LOW,INDIA,14,69371.33,PUNB0127032,Research scientist (physical sciences),803432,SALARIED,2026-08-29
ACC-H7GPNG4,CUS-B62ZDHT,Gayathri Ravel,SALARY,ACTIVE,2023-06-25,VERIFIED,LOW,INDIA,11,72774.33,UBIN0958311,Applications developer,760461,SENIOR_CITIZEN,2026-08-29
ACC-H7GX86O,CUS-3NRDMHJ,Nandini Bhandari,CURRENT,ACTIVE,2024-02-20,VERIFIED,LOW,INDIA,14,607565.44,SBIN0944264,Business Owner,2558166,BUSINESS,2026-08-28
ACC-HEZ5EDJ,CUS-JTFPH90,Ucchal Shankar,SAVINGS,ACTIVE,2026-04-06,VERIFIED,LOW,INDIA,6,38087.74,IDFB0696251,Secretary/administrator,698855,RETAIL,2026-08-21
ACC-HGP8IY3,CUS-X80J0G5,Fariq Kaur,SAVINGS,ACTIVE,2024-09-29,PENDING,MEDIUM,INDIA,12,49565.12,BARB0204180,Records manager,1277057,SALARIED,2026-08-24
ACC-HHFH56O,CUS-B4RGLY4,Henry Chaudhuri,SALARY,ACTIVE,2024-09-17,VERIFIED,LOW,INDIA,13,77092.40,ICIC0957171,Logistics and distribution manager,366582,SENIOR_CITIZEN,2026-08-28
ACC-HL8Z7IO,CUS-ABT3818,Bhavika Tank,SAVINGS,ACTIVE,2020-12-13,VERIFIED,MEDIUM,INDIA,9,73221.83,PUNB0116405,Interpreter,589039,SENIOR_CITIZEN,2026-08-28
ACC-HMUH8LM,CUS-N4R7SGM,Frederick Swaminathan,SALARY,ACTIVE,2026-04-17,VERIFIED,LOW,INDIA,8,46338.61,PUNB0406327,"Lighting technician, broadcasting/film/video",314835,RETAIL,2026-08-12
ACC-HUCI5RX,CUS-1SQQ7U1,Fariq Kibe,SALARY,ACTIVE,2024-06-02,VERIFIED,LOW,INDIA,17,179710.81,UBIN0271499,"Designer, industrial/product",896193,SALARIED,2026-08-26
ACC-HYKM1QW,CUS-65XDY1P,Ranveer Mishra,SALARY,ACTIVE,2022-01-23,VERIFIED,MEDIUM,INDIA,19,274221.41,INDB0254525,"Psychologist, sport and exercise",3240543,PREMIUM,2026-08-29
ACC-I4J3X09,CUS-48NPF72,Pranit Agate,SAVINGS,ACTIVE,2024-11-09,VERIFIED,LOW,INDIA,15,54267.24,HDFC0221886,Occupational hygienist,263562,STUDENT,2026-08-29
ACC-I603D93,CUS-C1WE8DE,Adweta Ray,CURRENT,ACTIVE,2022-11-24,VERIFIED,HIGH,INDIA,14,255870.66,BARB0501058,Business Owner,8884794,BUSINESS,2026-08-26
ACC-I72U6W3,CUS-W13003B,Lakshit Sharma,SALARY,ACTIVE,2024-07-16,VERIFIED,LOW,INDIA,11,79551.44,IDFB0407592,Production manager,908512,RETAIL,2026-08-29
ACC-I85FVOE,CUS-VYY91OO,Aarnav D’Alia,SAVINGS,ACTIVE,2025-02-17,VERIFIED,MEDIUM,INDIA,15,309455.77,ICIC0498663,"Administrator, arts",1594592,MASS_AFFLUENT,2026-08-28
ACC-I9NWRI1,CUS-E9QQYKZ,Harinakshi Chahal,CURRENT,ACTIVE,2023-04-07,VERIFIED,LOW,INDIA,15,284462.96,INDB0776930,Business Owner,6946122,BUSINESS,2026-08-28
ACC-IF3G3T3,CUS-4OOJQXZ,Rachita Rajagopalan,SAVINGS,ACTIVE,2022-06-22,VERIFIED,LOW,INDIA,19,201461.07,CNRB0905245,Higher education careers adviser,1496848,SALARIED,2026-08-26
ACC-IFI031L,CUS-36192YW,Lucky Lall,SAVINGS,ACTIVE,2026-01-12,VERIFIED,LOW,INDIA,16,237806.30,IDFB0139704,"Engineer, petroleum",5446357,PREMIUM,2026-08-29
ACC-IFY7O0P,CUS-J1TV28I,Victor Din,SAVINGS,ACTIVE,2019-08-08,VERIFIED,LOW,INDIA,18,471390.65,UBIN0907455,"Designer, television/film set",7915112,PREMIUM,2026-08-28
ACC-IITA5WV,CUS-O01Z8TU,Chatura Bobal,SAVINGS,ACTIVE,2024-07-22,VERIFIED,LOW,INDIA,15,108957.09,SBIN0509611,Equities trader,960434,RETAIL,2026-08-28
ACC-IRTR5JE,CUS-K1R0T4E,Kai Minhas,SALARY,ACTIVE,2020-07-22,PENDING,LOW,INDIA,15,67794.63,IDFB0750318,Government social research officer,281656,STUDENT,2026-08-25
ACC-J1YE24Z,CUS-8608CX8,Qushi Yogi,SAVINGS,ACTIVE,2022-02-18,PENDING,LOW,INDIA,17,165386.74,SBIN0934908,Horticultural consultant,1852728,SALARIED,2026-08-27
ACC-J4EATMM,CUS-G83VGD3,Dalbir Devan,SAVINGS,ACTIVE,2019-11-05,VERIFIED,LOW,INDIA,16,134552.08,UTIB0904246,Adult guidance worker,1075837,SALARIED,2026-08-24
ACC-J5CI6VG,CUS-2G73AJ0,Theodore Shan,SAVINGS,ACTIVE,2026-05-31,VERIFIED,LOW,INDIA,9,49081.21,ICIC0807115,Estate agent,655007,RETAIL,2026-08-24
ACC-J7S9KT5,CUS-SESA3CN,Eiravati Kothari,SAVINGS,ACTIVE,2025-07-09,VERIFIED,LOW,INDIA,20,300637.85,CNRB0397025,"Production assistant, television",2584651,MASS_AFFLUENT,2026-08-26
ACC-JE7AK2W,CUS-NJ02NFG,Sneha Apte,SAVINGS,ACTIVE,2021-10-23,VERIFIED,LOW,INDIA,18,165106.05,PUNB0729153,Research scientist (medical),793245,SALARIED,2026-08-29
ACC-JS2MXCB,CUS-V9PLMBL,Netra Shah,SAVINGS,ACTIVE,2024-07-29,VERIFIED,LOW,INDIA,17,485186.64,BARB0279683,Site engineer,1839783,MASS_AFFLUENT,2026-08-23
ACC-JWSOYH5,CUS-17VL1JT,Vasatika Desai,SALARY,ACTIVE,2023-01-28,VERIFIED,MEDIUM,INDIA,16,264773.20,CNRB0255863,Computer games developer,2874960,MASS_AFFLUENT,2026-08-28
ACC-JXVIHM2,CUS-0AP4VS6,Wishi Narain,SAVINGS,ACTIVE,2021-12-09,VERIFIED,LOW,INDIA,18,227157.53,YESB0339266,"Therapist, speech and language",1894596,SALARIED,2026-08-29
ACC-K1OGI6H,CUS-ZQ9KUNF,Adya Sehgal,SAVINGS,ACTIVE,2025-12-26,PENDING,LOW,INDIA,17,195471.22,INDB0126518,Podiatrist,1796248,SALARIED,2026-08-27
ACC-K5SILU2,CUS-DWA5IMY,Raghav Batta,CURRENT,ACTIVE,2020-08-07,VERIFIED,LOW,INDIA,11,254631.06,BARB0388204,Business Owner,7476332,BUSINESS,2026-08-28
ACC-K8THBZ5,CUS-J3UJA86,Suhani Vyas,SAVINGS,ACTIVE,2020-10-19,VERIFIED,LOW,INDIA,16,51423.20,KOTAK0142027,Ergonomist,270399,STUDENT,2026-08-29
ACC-K9XH0HH,CUS-XSC7JHX,Raghav Sanghvi,SALARY,ACTIVE,2022-10-26,VERIFIED,MEDIUM,INDIA,19,269085.42,CNRB0326053,Hydrogeologist,2084488,MASS_AFFLUENT,2026-08-27
ACC-KC6Q0S7,CUS-WZBHLU1,Krishna Sen,SALARY,ACTIVE,2025-04-20,VERIFIED,LOW,INDIA,18,240368.67,UTIB0851622,"Surveyor, quantity",804170,SALARIED,2026-08-26
ACC-KEARJ2W,CUS-LNC8N2D,Kamya Dugal,SALARY,ACTIVE,2021-02-19,VERIFIED,MEDIUM,INDIA,20,192702.93,HDFC0309700,Research scientist (medical),1291455,SALARIED,2026-08-27
ACC-KGYC4OM,CUS-3WTOOBM,Parth Deol,SALARY,ACTIVE,2025-09-14,VERIFIED,HIGH,INDIA,9,54882.20,PUNB0662262,Art gallery manager,1110891,RETAIL,2026-08-28
ACC-KO0JL6Q,CUS-KV3EOYY,David Shroff,SAVINGS,ACTIVE,2023-11-06,VERIFIED,LOW,INDIA,21,188612.09,UBIN0140932,"Therapist, music",813652,SALARIED,2026-08-24
ACC-KQO4XSD,CUS-JWS3KK8,Naveen Mital,SAVINGS,ACTIVE,2024-05-24,VERIFIED,LOW,INDIA,18,290341.43,SBIN0689810,Automotive engineer,2404866,MASS_AFFLUENT,2026-08-28
ACC-KRF7YIN,CUS-ZDOZL9E,Caleb Mody,CURRENT,ACTIVE,2022-08-09,VERIFIED,LOW,INDIA,17,489635.16,INDB0383031,Business Owner,7538898,BUSINESS,2026-08-25
ACC-KRJ1925,CUS-QH91WLB,Rachita Chaudhari,SALARY,ACTIVE,2021-05-11,VERIFIED,LOW,INDIA,20,74194.52,UTIB0563555,Financial controller,281736,STUDENT,2026-08-22
ACC-L3UHWZI,CUS-450PBSR,Balvan Wagle,SALARY,ACTIVE,2019-10-23,VERIFIED,MEDIUM,INDIA,17,347152.46,PUNB0381351,Product/process development scientist,5707358,PREMIUM,2026-08-28
ACC-L6HYC1R,CUS-9QIKQAV,Frederick Iyer,CURRENT,ACTIVE,2025-09-01,VERIFIED,LOW,INDIA,18,460513.71,SBIN0475479,Business Owner,3326269,BUSINESS,2026-08-27
ACC-L9CYMTY,CUS-GW5F2MI,Sanaya Oak,SAVINGS,ACTIVE,2023-06-11,VERIFIED,MEDIUM,INDIA,15,102017.15,CNRB0571132,"Engineer, technical sales",1131247,RETAIL,2026-08-26
ACC-LAOQTR1,CUS-YW3QN3T,Upasna Deshpande,SAVINGS,ACTIVE,2026-01-12,VERIFIED,LOW,INDIA,12,77797.46,UBIN0166938,Land,692408,SENIOR_CITIZEN,2026-08-26
ACC-LCP2277,CUS-KXXSY0V,Pavani Varty,SAVINGS,ACTIVE,2023-05-18,VERIFIED,LOW,INDIA,14,148200.00,IDFB0992931,Information systems manager,1191411,SALARIED,2026-08-26
ACC-LUJBU00,CUS-T2RJMGI,Bhavika Dalal,SAVINGS,ACTIVE,2023-02-14,VERIFIED,LOW,INDIA,18,205711.54,IDFB0599753,Financial risk analyst,986922,SALARIED,2026-08-25
ACC-M5VWIPG,CUS-SEMU52V,Harinakshi Rau,SAVINGS,ACTIVE,2024-05-28,VERIFIED,LOW,INDIA,21,304748.77,IDFB0846794,Petroleum engineer,2098225,MASS_AFFLUENT,2026-08-29
ACC-M639BCP,CUS-7TV5ZKB,Isaiah Raghavan,SAVINGS,ACTIVE,2022-02-17,VERIFIED,LOW,INDIA,13,43381.34,INDB0954441,Occupational therapist,199253,STUDENT,2026-08-29
ACC-M8PYQDR,CUS-FJBGH3H,Ati Dubey,SAVINGS,ACTIVE,2023-03-06,VERIFIED,LOW,INDIA,18,143271.85,SBIN0533843,"Engineer, manufacturing systems",1257905,SALARIED,2026-08-29
ACC-M8YXU1P,CUS-CM8SJUP,Dipta Prashad,SAVINGS,ACTIVE,2024-09-12,VERIFIED,LOW,INDIA,13,86084.53,UBIN0633320,Oncologist,519401,RETAIL,2026-08-29
ACC-MA5BXNS,CUS-127I3SH,Tarak Sarna,SALARY,ACTIVE,2020-08-01,VERIFIED,LOW,INDIA,19,163257.46,KOTAK0862693,Medical secretary,1902398,SALARIED,2026-08-29
ACC-MC67OKC,CUS-WZZM7AE,Tanish Mandal,SAVINGS,ACTIVE,2019-11-05,VERIFIED,MEDIUM,INDIA,18,227915.28,IDFB0702833,Interior and spatial designer,1079878,SALARIED,2026-08-29
ACC-MJ76CI5,CUS-FT93K2H,Widisha Viswanathan,CURRENT,ACTIVE,2023-06-01,VERIFIED,LOW,INDIA,15,234106.26,UTIB0268018,Business Owner,1684743,BUSINESS,2026-08-27
ACC-MPR9TOT,CUS-SN5U4W9,Darpan Ahluwalia,SALARY,ACTIVE,2019-09-08,VERIFIED,HIGH,INDIA,21,281340.00,INDB0182868,Primary school teacher,2821233,MASS_AFFLUENT,2026-08-27
ACC-MTU16BT,CUS-R3MGQ4Y,Shivani Chowdhury,SALARY,ACTIVE,2023-08-16,VERIFIED,LOW,INDIA,17,204553.95,BARB0621178,Research scientist (medical),2674045,MASS_AFFLUENT,2026-08-28
ACC-MU6FGK8,CUS-8AENN1G,Ishwar Badami,SAVINGS,ACTIVE,2025-04-22,VERIFIED,LOW,INDIA,15,319080.61,YESB0932794,"Production assistant, television",4782630,PREMIUM,2026-08-28
ACC-N4YTUKC,CUS-97HQ4TM,Imaran Nadig,SAVINGS,ACTIVE,2024-11-06,VERIFIED,LOW,INDIA,21,69466.14,UTIB0109363,"Designer, ceramics/pottery",285913,STUDENT,2026-08-29
ACC-NAZNT6C,CUS-35DWA3V,Udant Purohit,SALARY,ACTIVE,2026-01-21,VERIFIED,LOW,INDIA,20,469166.30,PUNB0261177,Photographer,1412520,MASS_AFFLUENT,2026-08-26
ACC-NHLLA92,CUS-9QCFH6T,Bahadurjit Kalita,SAVINGS,ACTIVE,2021-05-16,VERIFIED,LOW,INDIA,18,62454.47,INDB0614266,Chief Marketing Officer,120022,STUDENT,2026-08-28
ACC-NLC0QYP,CUS-W47LTOS,Darpan Pal,CURRENT,ACTIVE,2021-09-19,PENDING,MEDIUM,INDIA,9,233892.53,IDFB0901045,Business Owner,1742606,BUSINESS,2026-08-21
ACC-NWET6T1,CUS-8UM0ZQ6,Vidhi Nayak,CURRENT,ACTIVE,2024-02-03,PENDING,LOW,INDIA,17,315986.02,HDFC0589994,Business Owner,6343244,BUSINESS,2026-08-29
ACC-O0V3Z0G,CUS-U1UQXJ4,Oviya Tailor,SAVINGS,ACTIVE,2025-07-08,VERIFIED,HIGH,INDIA,7,38327.24,ICIC0688967,"Engineer, energy",401255,RETAIL,2026-08-28
ACC-O1SZJIV,CUS-F4D9ZQF,Champak Patil,SAVINGS,ACTIVE,2024-08-26,VERIFIED,LOW,INDIA,9,57134.03,SBIN0871403,Financial adviser,886464,SENIOR_CITIZEN,2026-08-27
ACC-O2WB0DZ,CUS-6XPYFXO,Geetika Suri,SAVINGS,ACTIVE,2024-09-29,VERIFIED,LOW,INDIA,8,72518.28,ICIC0971482,Public relations account executive,806287,SALARIED,2026-08-29
ACC-O3V94X2,CUS-97XGCK5,Yagnesh Devan,SAVINGS,ACTIVE,2024-11-30,VERIFIED,LOW,INDIA,21,198264.20,KOTAK0851606,Chartered accountant,753222,SALARIED,2026-08-29
ACC-OH9O5QV,CUS-WC9RJ6G,Gabriel Tiwari,SALARY,ACTIVE,2024-11-14,VERIFIED,LOW,INDIA,16,109698.36,ICIC0315363,"Designer, industrial/product",1163617,RETAIL,2026-08-29
ACC-OJW5BP1,CUS-827LQWV,Kashvi Dayal,SAVINGS,ACTIVE,2023-01-07,VERIFIED,LOW,INDIA,9,71745.82,KOTAK0577131,Theatre director,343096,SENIOR_CITIZEN,2026-08-25
ACC-OK8NHVI,CUS-8BBYFVW,Samesh Chandra,SAVINGS,ACTIVE,2020-04-19,VERIFIED,LOW,INDIA,19,202015.30,UTIB0940208,"Chemist, analytical",829237,SALARIED,2026-08-28
ACC-ONMRS5Y,CUS-I1NNSM0,Sudiksha Goel,SALARY,ACTIVE,2025-10-17,VERIFIED,LOW,INDIA,17,220791.08,KOTAK0110821,Actor,1445766,SALARIED,2026-08-26
ACC-P39JYM6,CUS-IER0V6R,Yashica Borah,SAVINGS,ACTIVE,2025-11-23,VERIFIED,LOW,INDIA,7,37055.21,KOTAK0495533,"Administrator, arts",455813,RETAIL,2026-08-29
ACC-PCZ2O8N,CUS-DI6SOUU,Ladli Lal,SALARY,ACTIVE,2020-04-08,VERIFIED,LOW,INDIA,14,447495.53,UTIB0811721,"Research officer, government",6963263,PREMIUM,2026-08-28
ACC-PL13YLG,CUS-ZCPKR8S,Ethan Kaur,SAVINGS,ACTIVE,2020-07-31,VERIFIED,LOW,INDIA,22,226567.02,BARB0572840,"Accountant, chartered management",660502,SALARIED,2026-08-29
ACC-PNEE5DN,CUS-AN3YM5G,Hritik Kulkarni,SAVINGS,ACTIVE,2020-03-13,VERIFIED,MEDIUM,INDIA,16,68527.37,UBIN0329412,Equities trader,202145,STUDENT,2026-08-29
ACC-PQ9YTXH,CUS-8P2YAZQ,Abha Chandran,SAVINGS,ACTIVE,2022-10-12,VERIFIED,LOW,INDIA,22,470982.91,UTIB0183985,Retail manager,2903407,MASS_AFFLUENT,2026-08-28
ACC-PR8DOYW,CUS-JM58TL5,Amara Puri,SAVINGS,ACTIVE,2023-07-05,VERIFIED,MEDIUM,INDIA,15,119554.07,IDFB0457311,Manufacturing engineer,852021,RETAIL,2026-08-25
ACC-Q02GKFS,CUS-P45GADR,Ekiya Biswas,SAVINGS,ACTIVE,2025-08-24,PENDING,LOW,INDIA,14,102231.86,ICIC0609530,Water quality scientist,1130248,RETAIL,2026-08-29
ACC-Q2NS5MH,CUS-IE2L2FU,Maanav Vyas,SAVINGS,ACTIVE,2019-12-13,VERIFIED,LOW,INDIA,22,84251.48,UBIN0479052,"Runner, broadcasting/film/video",196116,STUDENT,2026-08-28
ACC-Q5XVTHG,CUS-A9IVXX7,Imaran Ramanathan,SAVINGS,ACTIVE,2023-10-05,VERIFIED,HIGH,INDIA,15,49754.70,IDFB0786141,Seismic interpreter,220676,STUDENT,2026-08-29
ACC-Q6EW09U,CUS-3BDL2IA,Harrison Baria,SAVINGS,ACTIVE,2022-08-06,VERIFIED,LOW,INDIA,11,88318.86,IDFB0236412,Public house manager,416211,SENIOR_CITIZEN,2026-08-19
ACC-Q6WHDH2,CUS-TA3VP8O,Triveni Khalsa,SALARY,ACTIVE,2019-09-10,VERIFIED,MEDIUM,INDIA,16,47949.89,INDB0478816,Aeronautical engineer,156692,STUDENT,2026-08-23
ACC-QBCV0QM,CUS-VDIN9VD,Yashasvi Rajan,SALARY,ACTIVE,2019-10-17,VERIFIED,LOW,INDIA,13,504366.04,IDFB0235753,Accounting technician,7137457,PREMIUM,2026-08-29
ACC-QEG9DDV,CUS-P4WCAQ6,Yug Pillay,SALARY,ACTIVE,2021-12-15,VERIFIED,LOW,INDIA,7,53610.23,SBIN0590822,Diplomatic Services operational officer,343122,SENIOR_CITIZEN,2026-08-18
ACC-QF5WXW7,CUS-2KCYJ8N,Harinakshi Ramaswamy,SALARY,ACTIVE,2023-10-16,VERIFIED,LOW,INDIA,9,70971.93,PUNB0373516,Computer games developer,878406,SENIOR_CITIZEN,2026-08-29
ACC-QFHG8KS,CUS-JLQFJT0,Gauri Krish,SAVINGS,ACTIVE,2022-06-20,VERIFIED,LOW,INDIA,19,198942.68,SBIN0493754,Physiological scientist,1317762,SALARIED,2026-08-28
ACC-QG18BAZ,CUS-HAK43Z5,Anay Bajwa,SAVINGS,ACTIVE,2022-01-26,VERIFIED,LOW,INDIA,17,293531.62,YESB0116656,Government social research officer,1383784,MASS_AFFLUENT,2026-08-29
ACC-QHDK3Z4,CUS-T48OYY4,Nathan Chaudhuri,SAVINGS,ACTIVE,2021-03-29,PENDING,LOW,INDIA,19,253255.02,HDFC0657101,Equities trader,1862047,MASS_AFFLUENT,2026-08-29
ACC-QPR4VXL,CUS-51N0XXZ,Darpan Memon,SALARY,ACTIVE,2019-09-16,VERIFIED,LOW,INDIA,12,247944.38,SBIN0499385,Astronomer,2711659,MASS_AFFLUENT,2026-08-29
ACC-QT68YT0,CUS-TAK5AGE,Tara Karpe,SAVINGS,ACTIVE,2022-11-18,VERIFIED,LOW,INDIA,6,35802.96,YESB0215593,Armed forces technical officer,478922,SENIOR_CITIZEN,2026-08-23
ACC-QZ3PM7V,CUS-LU9AAEA,Faris Vala,SAVINGS,ACTIVE,2024-12-13,VERIFIED,LOW,INDIA,10,87755.12,INDB0722999,"Doctor, general practice",668591,SENIOR_CITIZEN,2026-08-27
ACC-R1UQKER,CUS-L2E5MZL,Brijesh Kala,CURRENT,ACTIVE,2024-07-02,VERIFIED,LOW,INDIA,15,243322.80,UBIN0173832,Business Owner,6801212,BUSINESS,2026-08-28
ACC-R37F7FP,CUS-4E8TDV8,Nathan Mane,SALARY,ACTIVE,2020-05-14,VERIFIED,LOW,INDIA,17,118032.14,CNRB0726667,Economist,741467,RETAIL,2026-08-28
ACC-R7CETEN,CUS-7GGO8YM,Karan Seshadri,SAVINGS,ACTIVE,2019-09-22,VERIFIED,LOW,INDIA,14,301642.70,INDB0581003,Neurosurgeon,2885117,PREMIUM,2026-08-27
ACC-R9KE7J2,CUS-SQ8X3A6,Pratyush Panchal,SAVINGS,ACTIVE,2025-11-27,VERIFIED,LOW,INDIA,10,71511.74,IDFB0621718,Chartered management accountant,550385,SENIOR_CITIZEN,2026-08-28
ACC-R9RIGPP,CUS-D7OODG0,Ati Sani,SAVINGS,ACTIVE,2024-12-27,VERIFIED,LOW,INDIA,20,54193.48,INDB0782139,"Librarian, academic",156036,STUDENT,2026-08-26
ACC-RDEZX6K,CUS-BJ2CIEP,Alexander Mahal,SALARY,ACTIVE,2019-10-03,VERIFIED,LOW,INDIA,17,65689.04,HDFC0655178,Cabin crew,278621,STUDENT,2026-08-28
ACC-RIH330K,CUS-VOSKK9O,Ikshita Bhalla,SALARY,ACTIVE,2020-08-18,VERIFIED,MEDIUM,INDIA,17,155405.43,UTIB0359870,Warehouse manager,1470484,SALARIED,2026-08-23
ACC-RMJ1BMF,CUS-DY07TOO,Azaan Chhabra,SALARY,ACTIVE,2025-06-05,PENDING,LOW,INDIA,17,75647.14,UBIN0358965,Information systems manager,231954,STUDENT,2026-08-29
ACC-RNKK5FI,CUS-11Z14YA,Ekiya Narasimhan,SAVINGS,ACTIVE,2021-12-06,VERIFIED,LOW,INDIA,18,110392.13,HDFC0461076,Health service manager,499834,RETAIL,2026-08-29
ACC-RYI0M7P,CUS-8BYW485,Chasmum Bajwa,SAVINGS,ACTIVE,2022-07-05,VERIFIED,LOW,INDIA,15,62002.59,BARB0161437,Tree surgeon,190893,STUDENT,2026-08-29
ACC-S1UQ7WI,CUS-5755LOS,Lila Dhawan,SAVINGS,ACTIVE,2025-11-05,VERIFIED,LOW,INDIA,14,551462.44,CNRB0687638,Patent attorney,7161577,PREMIUM,2026-08-29
ACC-SCH53XD,CUS-XQ1VSB8,Yoshita Chowdhury,SAVINGS,ACTIVE,2022-02-11,VERIFIED,LOW,INDIA,17,392213.01,BARB0657075,Broadcast engineer,2533752,MASS_AFFLUENT,2026-08-28
ACC-SF4HTZ4,CUS-5QF8YLX,Wridesh Keer,SALARY,ACTIVE,2021-02-12,VERIFIED,LOW,INDIA,8,64876.94,HDFC0799891,Furniture conservator/restorer,761101,SENIOR_CITIZEN,2026-08-25
ACC-SKC95N4,CUS-VPAAFH5,Zashil Basu,SAVINGS,ACTIVE,2025-04-10,VERIFIED,LOW,INDIA,13,107267.25,YESB0283188,Personal assistant,984778,SALARIED,2026-08-29
ACC-SO76KJG,CUS-GTV25W8,Zashil Venkatesh,SAVINGS,ACTIVE,2023-04-10,VERIFIED,LOW,INDIA,10,266547.41,PUNB0998583,"Designer, graphic",1831523,MASS_AFFLUENT,2026-08-24
ACC-SP7RU86,CUS-GDW05RF,Rayaan Shere,SAVINGS,ACTIVE,2023-07-13,PENDING,LOW,INDIA,15,530277.42,KOTAK0781478,Sports administrator,3190857,PREMIUM,2026-08-29
ACC-SPTHDP0,CUS-3EH58B6,Leela Seshadri,SAVINGS,ACTIVE,2024-11-18,VERIFIED,LOW,INDIA,8,74482.12,YESB0800674,Nutritional therapist,503280,SALARIED,2026-08-26
ACC-SRI2AOF,CUS-JA5NV0T,Chaaya Saxena,CURRENT,ACTIVE,2020-11-30,VERIFIED,LOW,INDIA,17,510467.63,YESB0290425,Business Owner,7306648,BUSINESS,2026-08-29
ACC-SRQT0PA,CUS-0CABJX7,Gaurang Dasgupta,SALARY,ACTIVE,2019-09-13,VERIFIED,MEDIUM,INDIA,16,58753.13,BARB0705923,Corporate treasurer,183394,STUDENT,2026-08-29
ACC-SS3EOQM,CUS-1H8OJRJ,Patrick Ratti,SAVINGS,ACTIVE,2026-07-08,VERIFIED,LOW,INDIA,8,45755.97,SBIN0385470,"Psychotherapist, dance movement",602630,RETAIL,2026-08-19
ACC-SSG5XRZ,CUS-YG301JB,Ira Raj,SALARY,ACTIVE,2019-10-15,VERIFIED,MEDIUM,INDIA,20,324092.87,BARB0471958,"Engineer, civil (consulting)",2564034,MASS_AFFLUENT,2026-08-28
ACC-SY0X4KN,CUS-SF4ILMK,Ira Mangat,CURRENT,ACTIVE,2021-06-14,VERIFIED,LOW,INDIA,12,125220.93,CNRB0266309,Business Owner,3809721,BUSINESS,2026-08-29
ACC-T1EGD9D,CUS-SYZG0OA,Aachal Chanda,CURRENT,ACTIVE,2020-11-28,VERIFIED,LOW,INDIA,17,426000.60,BARB0213253,Business Owner,4609071,BUSINESS,2026-08-29
ACC-T4M8JCI,CUS-M09Q9WX,Darsh Gour,CURRENT,ACTIVE,2021-03-23,VERIFIED,LOW,INDIA,10,150071.46,ICIC0235197,Business Owner,2200353,BUSINESS,2026-08-26
ACC-TKMP1LP,CUS-TS2MR4F,Om Goel,SALARY,ACTIVE,2024-03-26,VERIFIED,HIGH,INDIA,18,72625.63,CNRB0605414,"Sales professional, IT",235704,STUDENT,2026-08-29
ACC-TKMW044,CUS-8K1WYA9,Warinder Karpe,SAVINGS,ACTIVE,2024-06-29,VERIFIED,LOW,INDIA,15,249921.75,PUNB0806682,Armed forces technical officer,3237207,PREMIUM,2026-08-29
ACC-TM9MCPR,CUS-FC4CDUF,Udyati Badal,SAVINGS,ACTIVE,2022-12-13,VERIFIED,LOW,INDIA,18,519759.86,BARB0447412,Legal secretary,2721878,MASS_AFFLUENT,2026-08-29
ACC-TR5GOIT,CUS-2UR0FM2,Diya Dyal,SALARY,ACTIVE,2020-04-28,VERIFIED,LOW,INDIA,16,435483.19,PUNB0992647,Systems analyst,4609889,PREMIUM,2026-08-29
ACC-TT2SLHI,CUS-MAQA355,Wazir Sankaran,SAVINGS,ACTIVE,2023-06-13,VERIFIED,LOW,INDIA,16,98033.70,UTIB0673929,Arts development officer,775779,RETAIL,2026-08-29
ACC-TUIK15U,CUS-L9WOLYT,Indira Nadig,SAVINGS,ACTIVE,2026-02-04,VERIFIED,MEDIUM,INDIA,20,222380.38,YESB0741079,Chartered management accountant,1267911,MASS_AFFLUENT,2026-08-28
ACC-U00JTYL,CUS-84POTJ3,Quincy Tailor,SAVINGS,ACTIVE,2021-06-11,VERIFIED,MEDIUM,INDIA,16,104396.00,UBIN0988283,Magazine features editor,707286,RETAIL,2026-08-29
ACC-U652FYS,CUS-3JKV0ZE,Raksha Talwar,SAVINGS,ACTIVE,2023-07-23,VERIFIED,LOW,INDIA,14,174119.00,PUNB0480805,Politician's assistant,1060930,SALARIED,2026-08-27
ACC-U9NMNSW,CUS-IL68UHW,Hemani Jaggi,CURRENT,ACTIVE,2019-09-19,VERIFIED,LOW,INDIA,14,226679.14,INDB0155642,Business Owner,5184976,BUSINESS,2026-08-27
ACC-UM4ULZU,CUS-S5PUYRZ,Robert Doshi,SAVINGS,ACTIVE,2023-11-16,VERIFIED,LOW,INDIA,13,32694.07,IDFB0405482,Clinical biochemist,263033,STUDENT,2026-08-28
ACC-USMF0XL,CUS-ZYOBB9O,Mahika Dada,SALARY,ACTIVE,2023-03-07,VERIFIED,HIGH,INDIA,18,226270.36,YESB0278386,Financial risk analyst,1796048,SALARIED,2026-08-27
ACC-UUMK563,CUS-5T5BFZ6,Rushil Murthy,CURRENT,ACTIVE,2023-09-14,VERIFIED,LOW,INDIA,13,219460.03,IDFB0399628,Business Owner,8201599,BUSINESS,2026-08-25
ACC-UX7454R,CUS-ZCNOM2P,Tanay Kakar,SAVINGS,ACTIVE,2021-05-08,VERIFIED,LOW,INDIA,7,52892.20,BARB0566097,Physiological scientist,464845,SENIOR_CITIZEN,2026-08-28
ACC-UXI7OGZ,CUS-A83UJSO,Hemani Kant,CURRENT,ACTIVE,2024-06-18,VERIFIED,LOW,INDIA,16,248929.83,IDFB0822049,Business Owner,1088097,BUSINESS,2026-08-29
ACC-VGKP7L9,CUS-KV913OZ,Atharv Parsa,SAVINGS,ACTIVE,2021-09-05,VERIFIED,LOW,INDIA,14,150021.11,HDFC0888870,Commissioning editor,1741940,SALARIED,2026-08-26
ACC-VK82WU9,CUS-UX01UP8,Wriddhish Rama,SALARY,ACTIVE,2023-04-08,VERIFIED,LOW,INDIA,25,366608.00,PUNB0416503,Trading standards officer,2290773,PREMIUM,2026-08-28
ACC-VKE6H76,CUS-QMLJEL5,Chaaya Chatterjee,SALARY,ACTIVE,2024-06-21,VERIFIED,HIGH,INDIA,9,65799.69,IDFB0431495,"Conservation officer, historic buildings",1683825,SALARIED,2026-08-28
ACC-VQ2RPUV,CUS-N3VBIA4,Reyansh Contractor,SAVINGS,ACTIVE,2021-06-25,VERIFIED,LOW,INDIA,13,86436.36,UBIN0972503,Transport planner,864271,RETAIL,2026-08-28
ACC-VQTRMI8,CUS-A46JZOO,Veda Raghavan,SALARY,ACTIVE,2020-05-01,VERIFIED,LOW,INDIA,16,439704.41,IDFB0831844,"Psychologist, educational",2720378,PREMIUM,2026-08-27
ACC-VTEGB41,CUS-BVQPG4P,Teerth Vasa,SAVINGS,ACTIVE,2020-04-15,VERIFIED,HIGH,INDIA,20,65408.38,UTIB0134963,Make,139113,STUDENT,2026-08-27
ACC-VYP1NJG,CUS-LNR20QD,Vaishnavi Chaudhry,CURRENT,ACTIVE,2021-11-30,PENDING,MEDIUM,INDIA,17,325571.71,YESB0251950,Business Owner,2866505,BUSINESS,2026-08-29
ACC-W042LPI,CUS-CDIT16W,Chameli Sarraf,SAVINGS,ACTIVE,2024-06-25,VERIFIED,LOW,INDIA,18,307574.80,SBIN0811249,Local government officer,1810405,MASS_AFFLUENT,2026-08-27
ACC-W14TOBD,CUS-BM8YB94,Brinda Bir,SALARY,ACTIVE,2024-09-17,VERIFIED,MEDIUM,INDIA,18,105354.89,BARB0468877,"Nurse, adult",444462,RETAIL,2026-08-29
ACC-W77QKXI,CUS-RHBV1R7,Peter Handa,SALARY,ACTIVE,2025-04-02,VERIFIED,LOW,INDIA,21,195852.98,CNRB0207903,Public house manager,616264,SALARIED,2026-08-28
ACC-W81XE6V,CUS-A05G1X3,Amrita Dyal,SAVINGS,ACTIVE,2025-11-03,VERIFIED,LOW,INDIA,11,90045.81,SBIN0606983,Sports development officer,1594182,SALARIED,2026-08-26
ACC-WHV3F3F,CUS-KANX3FP,Krisha Chaudhuri,SAVINGS,ACTIVE,2024-08-17,VERIFIED,LOW,INDIA,19,456429.14,KOTAK0975849,"Engineer, electrical",1573301,MASS_AFFLUENT,2026-08-29
ACC-WUKFV2A,CUS-ADY20K0,Noah Magar,CURRENT,ACTIVE,2022-03-06,VERIFIED,LOW,INDIA,16,474048.61,UBIN0573209,Business Owner,6260728,BUSINESS,2026-08-28
ACC-X1Z2YVL,CUS-55X7RF1,Daksh Batra,SALARY,ACTIVE,2024-02-03,VERIFIED,LOW,INDIA,23,187086.35,UBIN0546815,"Scientist, research (medical)",667916,SALARIED,2026-08-29
ACC-X35UAF3,CUS-WE8ZN1N,Fariq Master,CURRENT,ACTIVE,2022-06-30,VERIFIED,LOW,INDIA,16,459345.88,KOTAK0150760,Business Owner,7412770,BUSINESS,2026-08-28
ACC-X8ADQCH,CUS-KI3HIUJ,Warhi Bhat,SAVINGS,ACTIVE,2024-09-28,VERIFIED,LOW,INDIA,11,58592.58,UBIN0606154,"Engineer, communications",552207,SENIOR_CITIZEN,2026-08-26
ACC-XANBX94,CUS-3J90PNO,Urvi Chacko,SAVINGS,ACTIVE,2024-10-19,VERIFIED,LOW,INDIA,14,114425.66,YESB0709859,"Therapist, occupational",1068691,RETAIL,2026-08-28
ACC-XGJ1QQ8,CUS-1XRZN09,Avi Pant,CURRENT,ACTIVE,2021-12-18,VERIFIED,LOW,INDIA,14,325007.38,UBIN0996531,Business Owner,7294414,BUSINESS,2026-08-28
ACC-XHO0VH4,CUS-44NK0BP,Finn Dass,SAVINGS,ACTIVE,2024-04-23,VERIFIED,LOW,INDIA,15,104161.56,SBIN0525151,"Scientist, marine",341094,RETAIL,2026-08-29
ACC-XI27VLT,CUS-INIF1HE,Bachittar Gala,SALARY,ACTIVE,2025-08-21,VERIFIED,MEDIUM,INDIA,12,99021.16,UTIB0145383,Magazine features editor,1131578,RETAIL,2026-08-29
ACC-XMSTP3X,CUS-5M8PJA0,Kiaan Bains,SAVINGS,ACTIVE,2022-03-26,VERIFIED,HIGH,INDIA,10,89209.23,INDB0540208,Counsellor,301533,RETAIL,2026-08-26
ACC-XQ6ARCR,CUS-4ZCQRDB,Gagan Deshmukh,CURRENT,ACTIVE,2021-01-07,VERIFIED,LOW,INDIA,15,202471.03,CNRB0742693,Business Owner,7573219,BUSINESS,2026-08-26
ACC-XQS3H4D,CUS-E4M6HY7,Tanvi Kuruvilla,SALARY,ACTIVE,2024-06-04,VERIFIED,LOW,INDIA,20,473308.73,SBIN0184736,"Journalist, newspaper",2159596,MASS_AFFLUENT,2026-08-26
ACC-XSK28T7,CUS-A9TGIQH,Raksha Ganguly,SAVINGS,ACTIVE,2026-06-15,VERIFIED,MEDIUM,INDIA,7,45872.92,SBIN0629959,Health service manager,934210,RETAIL,2026-08-28
ACC-XU0COJB,CUS-Q90SJMV,Umang Bahl,SALARY,ACTIVE,2023-05-12,VERIFIED,LOW,INDIA,15,386133.00,CNRB0933592,Animal technologist,7382923,PREMIUM,2026-08-29
ACC-XXV6AZE,CUS-OI5MCNT,Rayaan Srivastava,SAVINGS,ACTIVE,2021-10-22,VERIFIED,LOW,INDIA,9,65254.96,INDB0542223,Chartered public finance accountant,746390,SENIOR_CITIZEN,2026-08-29
ACC-Y1WIZ9P,CUS-W2021S4,Ishanvi Nayar,SAVINGS,ACTIVE,2020-05-27,VERIFIED,LOW,INDIA,19,208922.02,ICIC0285306,Heritage manager,1743712,SALARIED,2026-08-29
ACC-YRJVZA6,CUS-541ZE8O,Falguni Sule,SALARY,ACTIVE,2024-10-03,VERIFIED,HIGH,INDIA,11,54010.73,IDFB0195071,Control and instrumentation engineer,649636,RETAIL,2026-08-29
ACC-YSN7NG9,CUS-RE01UUM,Dev Bandi,SAVINGS,ACTIVE,2020-07-10,VERIFIED,LOW,INDIA,13,365186.22,HDFC0704413,"Therapist, art",3435624,PREMIUM,2026-08-26
ACC-YTFDRY5,CUS-BYY2CON,Umang Dhawan,SAVINGS,ACTIVE,2020-02-22,VERIFIED,LOW,INDIA,8,65902.72,HDFC0452550,Television/film/video producer,619970,SENIOR_CITIZEN,2026-08-22
ACC-YYUG5GN,CUS-V56VKTX,Qarin Goyal,SAVINGS,ACTIVE,2025-04-09,VERIFIED,LOW,INDIA,12,75433.57,UBIN0196424,Research scientist (medical),601314,SENIOR_CITIZEN,2026-08-29
ACC-Z565OD7,CUS-B1U9ER0,Atharv Dave,CURRENT,ACTIVE,2020-07-26,VERIFIED,LOW,INDIA,17,426294.85,IDFB0460550,Business Owner,2153362,BUSINESS,2026-08-29
ACC-Z9UR73A,CUS-70H0JJG,Noah Apte,SAVINGS,ACTIVE,2022-11-28,VERIFIED,LOW,INDIA,14,151123.07,UBIN0388792,Barista,1303300,SALARIED,2026-08-27
ACC-ZAQ8H3X,CUS-QYXGO4B,Tara Chaudry,CURRENT,ACTIVE,2024-03-13,VERIFIED,MEDIUM,INDIA,14,133819.08,IDFB0416869,Business Owner,6130154,BUSINESS,2026-08-28
ACC-ZC87CVB,CUS-E4G0TRU,Ranveer Viswanathan,SALARY,ACTIVE,2019-11-16,VERIFIED,HIGH,INDIA,17,59425.22,PUNB0227310,Licensed conveyancer,249451,STUDENT,2026-08-29
ACC-ZJ2O1XJ,CUS-4F5L3LL,Wriddhish Nagy,SAVINGS,ACTIVE,2024-02-04,VERIFIED,LOW,INDIA,20,287081.27,INDB0175548,Tax inspector,5306766,PREMIUM,2026-08-26
ACC-ZO2X4GT,CUS-VJFG9KN,Darpan Natt,CURRENT,ACTIVE,2023-04-25,VERIFIED,LOW,INDIA,16,308298.26,ICIC0364266,Business Owner,7180220,BUSINESS,2026-08-28
ACC-ZSDP5YH,CUS-P5E7AXU,Girindra Buch,SALARY,ACTIVE,2021-05-25,VERIFIED,LOW,INDIA,20,223340.05,PUNB0326222,Herpetologist,1487789,SALARIED,2026-08-28
ACC-ZT3EDK2,CUS-043NVJU,Rajata Sathe,SAVINGS,ACTIVE,2021-08-23,VERIFIED,LOW,INDIA,19,60586.63,SBIN0247720,"Scientist, research (maths)",217134,STUDENT,2026-08-25
ACC-ZV9DKYA,CUS-FJ41FEQ,Shivansh Kakar,SALARY,ACTIVE,2025-09-10,PENDING,LOW,INDIA,21,639587.73,YESB0911187,Quantity surveyor,4403078,PREMIUM,2026-08-27
ACC-ZXCZD9M,CUS-X9SEY62,Gaurangi Bhatia,SAVINGS,ACTIVE,2024-10-13,VERIFIED,LOW,INDIA,23,506551.22,SBIN0520884,Best boy,2369858,MASS_AFFLUENT,2026-08-29
