case_id,account_id,created_at,primary_trigger,alert_ids,evidence_signals,typologies,status,bundle_reason,completeness_score,nba_action,sar_generated_at,report_path
CASE-1YXQ2BP,ACC-29GD8AF,2026-08-31 21:44:52,smurfing,"ALR-6D8GDEG,ALR-FRNBKKP","SMF-005,SMF-006",smurfing,JUNIOR,,85,ESCALATE,2026-08-31 21:46:31,./mockdata\reports\SAR_CASE-1YXQ2BP.pdf
CASE-1YXQ2BP,ACC-29GD8AF,2026-09-01 21:46:43,smurfing,"ALR-6D8GDEG,ALR-FRNBKKP","SMF-005,SMF-006",smurfing,SAR_READY,,85,ESCALATE,2026-09-01 21:46:58,./mockdata\reports\SAR_CASE-1YXQ2BP.pdf
CASE-1YXQ2BP,ACC-29GD8AF,2026-09-01 21:46:43,smurfing,"ALR-6D8GDEG,ALR-FRNBKKP","SMF-005,SMF-006",smurfing,SAR_READY,,85,ESCALATE,2026-09-01 21:47:54,./mockdata\reports\SAR_CASE-1YXQ2BP.pdf
CASE-1YXQ2BP,ACC-29GD8AF,2026-09-01 21:52:09,smurfing,"ALR-6D8GDEG,ALR-FRNBKKP","SMF-005,SMF-006",smurfing,SAR_READY,,85,ESCALATE,2026-09-01 21:52:24,./mockdata\reports\SAR_CASE-1YXQ2BP.pdf
CASE-ZE9V64Z,ACC-B5UL5NW,2026-09-04 05:38:53,smurfing,"ALR-Q3ZD4DZ,ALR-JLJL44H,ALR-WT0LNFJ","SMF-003,SMF-007,SMF-005",smurfing,JUNIOR,,85,ESCALATE,2026-09-04 05:41:09,./mockdata\reports\SAR_CASE-ZE9V64Z.pdf
CASE-ZE9V64Z,ACC-B5UL5NW,2026-09-04 06:18:08,smurfing,"ALR-Q3ZD4DZ,ALR-JLJL44H,ALR-WT0LNFJ","SMF-003,SMF-007,SMF-005",smurfing,SAR_READY,,85,ESCALATE,2026-09-04 06:19:15,./mockdata\reports\SAR_CASE-ZE9V64Z.pdf
CASE-HLYBMZ4,ACC-P39JYM6,2026-09-04 06:24:03,reverse_smurfing,"ALR-JMHEZG8,ALR-HK3FVBO,ALR-2H186GQ,ALR-4W1ETMY,ALR-EVSD9MZ,ALR-Z760CPC,ALR-FY186WS,ALR-VB5FJTN","SMF-004,SMF-005,SMF-006,RSMF-001,RSMF-002,RSMF-003,RSMF-006,RSMF-005","reverse_smurfing,smurfing",JUNIOR,,85,ESCALATE,2026-09-04 06:29:17,./mockdata\reports\SAR_CASE-HLYBMZ4.pdf
CASE-CG4HC4L,ACC-VKE6H76,2026-09-04 09:23:03,account_swap,"ALR-C4X9NZ3,ALR-HNBBKS1,ALR-N1AWY14,ALR-8NW8OBE,ALR-NRPGF9Y","AS-002,AS-005,AS-006,AS-008,AS-009",account_swap,JUNIOR,,100,ESCALATE,2026-09-04 09:28:03,./mockdata\reports\SAR_CASE-CG4HC4L.pdf
CASE-GWQH8RK,ACC-BRCL472,2026-09-04 10:09:19,smurfing,"ALR-LSSHQ8L,ALR-NDS3WE2,ALR-O9F741B","SMF-003,SMF-007,SMF-005",smurfing,JUNIOR,,85,ESCALATE,2026-09-04 10:17:00,./mockdata\reports\SAR_CASE-GWQH8RK.pdf
