device_id,account_id,device_type,os,device_fingerprint,first_seen_date,last_seen_date,is_trusted_device,sim_change_detected,jailbroken_rooted,device_status,previous_device_id,evidence_status
DEV-WIQI2A,ACC-0H8WN2T,MOBILE,Android 14,fp-34fe07290990,2025-02-06,2026-08-29,TRUE,FALSE,FALSE,ACTIVE,,AVAILABLE
DEV-MFB2J6,ACC-0H8WN2T,TABLET,iPadOS 17,fp-f5bd2cb91874,2025-11-21,2026-08-29,TRUE,FALSE,FALSE,ACTIVE,,AVAILABLE
DEV-FC5EUC,ACC-0IQSVUH,MOBILE,iOS 17,fp-d4aa8d4e8d70,2024-04-09,2026-08-29,TRUE,FALSE,FALSE,ACTIVE,,AVAILABLE
DEV-8RL3XY,ACC-0U2BL3M,MOBILE,Android 12,fp-162d1b68c2e2,2022-01-31,2026-08-29,TRUE,FALSE,FALSE,ACTIVE,,AVAILABLE
DEV-5FHX3U,ACC-12310X5,MOBILE,Android 12,fp-6fd2fb77b1f5,2022-02-06,2026-08-29,TRUE,FALSE,FALSE,ACTIVE,,AVAILABLE
DEV-A7L212,ACC-12310X5,WEB,Windows 11 / Chrome,fp-759563b1041d,2025-12-05,2026-08-29,TRUE,FALSE,FALSE,ACTIVE,,AVAILABLE
DEV-IP9SOW,ACC-1FSOC4W,MOBILE,Android 12,fp-7b3e3b32e358,2021-04-06,2026-08-29,TRUE,FALSE,FALSE,ACTIVE,,AVAILABLE
DEV-DGVJ3P,ACC-1I3LDQY,WEB,Windows 11 / Chrome,fp-3e55c928fad0,2026-02-14,2026-08-29,TRUE,FALSE,FALSE,ACTIVE,,AVAILABLE
DEV-W4O40I,ACC-1I3LDQY,MOBILE,iOS 17,fp-5cc44b8417d7,2026-07-10,2026-08-29,TRUE,FALSE,FALSE,ACTIVE,,AVAILABLE
DEV-GBSH68,ACC-1KDGW4L,MOBILE,Android 12,fp-d6da4bba03ec,2023-06-01,2025-08-29,FALSE,TRUE,FALSE,RETIRED,,UNKNOWN
DEV-3Q06YM,ACC-1KDGW4L,MOBILE,iOS 16,fp-b8fe01a07973,2023-06-03,2026-08-29,TRUE,FALSE,FALSE,ACTIVE,,AVAILABLE
DEV-BXD7YM,ACC-1KDGW4L,MOBILE,iOS 17,fp-9df523f31fba,2025-08-29,2026-08-29,TRUE,FALSE,FALSE,ACTIVE,DEV-GBSH68,AVAILABLE
DEV-Z0XD7I,ACC-1RZBK6K,MOBILE,Android 12,fp-a1be8b75b90b,2022-04-11,2026-08-29,TRUE,FALSE,FALSE,ACTIVE,,AVAILABLE
DEV-LZIQB1,ACC-1SGFGFB,MOBILE,Android 13,fp-c5597251ac42,2021-06-06,2026-08-29,TRUE,FALSE,FALSE,ACTIVE,,AVAILABLE
DEV-4PZZ9Q,ACC-1YBPERH,MOBILE,iOS 16,fp-5af32bb879ea,2024-06-25,2026-08-29,TRUE,FALSE,FALSE,ACTIVE,,AVAILABLE
DEV-TUCOJ6,ACC-1ZF88JR,MOBILE,iOS 16,fp-1b16b5c68dc2,2025-05-26,2026-08-29,TRUE,FALSE,FALSE,ACTIVE,,AVAILABLE
DEV-H0GXBG,ACC-21YEFI7,MOBILE,Android 12,fp-4e4c81d58d0e,2022-11-29,2026-08-29,TRUE,FALSE,FALSE,ACTIVE,,AVAILABLE
DEV-H4CWQ4,ACC-21YEFI7,WEB,macOS / Safari,fp-c8d95dc72e0c,2025-11-04,2026-08-29,TRUE,FALSE,FALSE,ACTIVE,,AVAILABLE
DEV-S9SSVO,ACC-22N64KF,MOBILE,Android 12,fp-2303cbb699ac,2025-07-17,2026-08-29,TRUE,FALSE,FALSE,ACTIVE,,AVAILABLE
DEV-QK1KAE,ACC-2919AHE,MOBILE,Android 12,fp-f34249267dce,2026-08-01,2026-08-29,TRUE,FALSE,FALSE,ACTIVE,,AVAILABLE
DEV-H2VH68,ACC-29GD8AF,MOBILE,iOS 16,fp-3f82b2b5c680,2025-07-15,2026-08-29,TRUE,FALSE,FALSE,ACTIVE,,AVAILABLE
DEV-H1ZUV5,ACC-2DUG8RM,MOBILE,iOS 16,fp-b92e7772b2dd,2025-05-30,2026-08-29,TRUE,FALSE,FALSE,ACTIVE,,AVAILABLE
DEV-K7ZUYL,ACC-2DUG8RM,TABLET,Android 14 (Tablet),fp-0d05c946c3db,2025-09-01,2026-08-29,TRUE,FALSE,FALSE,ACTIVE,,AVAILABLE
DEV-1YAR2G,ACC-2KLTALC,TABLET,iPadOS 17,fp-5095239dc796,2025-08-01,2026-08-29,TRUE,FALSE,FALSE,ACTIVE,,AVAILABLE
DEV-YD1SSZ,ACC-2KLTALC,MOBILE,Android 12,fp-445d010cd07e,2025-10-14,2026-08-29,TRUE,FALSE,FALSE,ACTIVE,,AVAILABLE
DEV-6HE5KJ,ACC-2N82WZM,MOBILE,iOS 17,fp-619aab1ba56a,2020-06-02,2026-08-29,TRUE,FALSE,FALSE,ACTIVE,,AVAILABLE
DEV-3S8CLM,ACC-2O8PT4M,MOBILE,Android 12,fp-7d098f0e0dd1,2025-04-20,2026-08-29,TRUE,FALSE,FALSE,ACTIVE,,AVAILABLE
DEV-ILYF6D,ACC-2TFKG9L,MOBILE,Android 14,fp-eb8df02811f1,2022-11-23,2026-08-29,TRUE,FALSE,FALSE,ACTIVE,,AVAILABLE
DEV-HRT4YI,ACC-2TFKG9L,WEB,Windows 11 / Chrome,fp-31f7bb8cbbf6,2026-03-18,2026-08-29,TRUE,FALSE,FALSE,ACTIVE,,AVAILABLE
DEV-Y2T3KX,ACC-2WFUDM7,MOBILE,Android 12,fp-fb30463df84c,2023-12-20,2026-08-29,TRUE,FALSE,FALSE,ACTIVE,,AVAILABLE
DEV-YLQM9R,ACC-2WT1Q3T,MOBILE,Android 13,fp-4fe2be7da0e1,2025-10-26,2026-08-29,TRUE,FALSE,FALSE,ACTIVE,DEV-QN85IB,AVAILABLE
DEV-QN85IB,ACC-2WT1Q3T,MOBILE,iOS 16,fp-ae6399883c8a,2026-02-12,2025-10-26,FALSE,TRUE,FALSE,RETIRED,,AVAILABLE
DEV-GAVN5Y,ACC-2WT1Q3T,MOBILE,Android 12,fp-65e5f9c55cfa,2026-02-19,2026-08-29,TRUE,FALSE,FALSE,ACTIVE,,AVAILABLE
DEV-MJSPI9,ACC-2WT59GL,MOBILE,Android 14,fp-a2ff5803a01f,2025-10-14,2026-08-29,TRUE,FALSE,FALSE,ACTIVE,,AVAILABLE
DEV-9714WE,ACC-2Z1UBYH,MOBILE,Android 13,fp-90290fcb4f67,2025-03-06,2026-08-29,TRUE,FALSE,FALSE,ACTIVE,,AVAILABLE
DEV-MPC18N,ACC-366FZX6,MOBILE,Android 12,fp-89f33eb168a1,2024-06-25,2026-08-29,TRUE,FALSE,FALSE,ACTIVE,,AVAILABLE
DEV-7OTF9D,ACC-3A1DU10,MOBILE,iOS 17,fp-39217c69048b,2025-08-20,2026-08-29,TRUE,FALSE,FALSE,ACTIVE,,AVAILABLE
DEV-59LMAB,ACC-3A1DU10,TABLET,Android 14 (Tablet),fp-d5e5c182c8d6,2025-09-16,2026-08-29,TRUE,FALSE,FALSE,ACTIVE,,AVAILABLE
DEV-QF643J,ACC-3A1MITK,MOBILE,iOS 17,fp-10e984f2dd18,2025-03-29,2025-11-17,FALSE,TRUE,FALSE,RETIRED,,AVAILABLE
DEV-E1E6RD,ACC-3A1MITK,MOBILE,Android 14,fp-33bbb5beba3c,2025-04-01,2026-08-29,TRUE,FALSE,FALSE,ACTIVE,,AVAILABLE
DEV-CV8P45,ACC-3A1MITK,MOBILE,iOS 17,fp-c4344c3d3e7e,2025-11-17,2026-08-29,TRUE,FALSE,FALSE,ACTIVE,DEV-QF643J,AVAILABLE
DEV-OIFX2I,ACC-3AEYV7C,MOBILE,iOS 16,fp-6334f95d416a,2025-07-26,2026-08-29,TRUE,FALSE,FALSE,ACTIVE,,AVAILABLE
DEV-IL12BG,ACC-3B2A3CW,MOBILE,Android 12,fp-ef642d0a088e,2024-02-13,2026-08-29,TRUE,FALSE,FALSE,ACTIVE,,AVAILABLE
DEV-FGJ4MC,ACC-3B2A3CW,TABLET,Android 14 (Tablet),fp-1059983d363f,2025-09-24,2026-08-29,TRUE,FALSE,FALSE,ACTIVE,,AVAILABLE
DEV-U3H93V,ACC-3CP78ZC,MOBILE,iOS 16,fp-36764e4ade56,2020-12-26,2026-08-29,TRUE,FALSE,FALSE,ACTIVE,,AVAILABLE
DEV-I5T6AG,ACC-3DFDRGV,MOBILE,Android 14,fp-4e1eaecdcaf8,2020-05-18,2026-08-29,TRUE,FALSE,FALSE,ACTIVE,,AVAILABLE
DEV-C9KPSD,ACC-3HQ57UY,MOBILE,iOS 17,fp-077d37cfaece,2022-08-09,2025-10-02,FALSE,TRUE,FALSE,RETIRED,,AVAILABLE
DEV-A6F0UR,ACC-3HQ57UY,MOBILE,Android 12,fp-bbca8163db60,2022-08-16,2026-08-29,TRUE,FALSE,FALSE,ACTIVE,,AVAILABLE
DEV-P1XR14,ACC-3HQ57UY,MOBILE,Android 13,fp-5276058666a7,2025-10-02,2026-08-29,TRUE,FALSE,FALSE,ACTIVE,DEV-C9KPSD,AVAILABLE
DEV-DR0PGJ,ACC-3HQ57UY,WEB,Windows 11 / Chrome,fp-e9a4e2f2429a,2026-03-02,2026-08-29,TRUE,FALSE,FALSE,ACTIVE,,AVAILABLE
DEV-T0LGO2,ACC-3JPJT10,MOBILE,iOS 17,fp-c4e85045cd5c,2023-06-29,2026-08-29,TRUE,FALSE,FALSE,ACTIVE,,AVAILABLE
DEV-U0ZDP3,ACC-3RAVC2U,MOBILE,Android 12,fp-f36aebd15d5b,2023-10-31,2026-08-29,TRUE,FALSE,FALSE,ACTIVE,,AVAILABLE
DEV-9G4WB7,ACC-43VVT0V,MOBILE,Android 14,fp-6233baecff6f,2020-12-07,2026-08-29,TRUE,FALSE,FALSE,ACTIVE,,AVAILABLE
DEV-T3H5IG,ACC-44CI4J3,MOBILE,Android 13,fp-b5ca6ece0440,2025-12-13,2026-08-29,TRUE,FALSE,FALSE,ACTIVE,,AVAILABLE
DEV-U1B4TU,ACC-4CSKJ3F,MOBILE,Android 12,fp-ee3543f271bb,2022-04-25,2025-08-30,FALSE,TRUE,FALSE,RETIRED,,AVAILABLE
DEV-8YC2G1,ACC-4CSKJ3F,MOBILE,iOS 17,fp-0bd65389d6f3,2022-04-27,2026-08-29,TRUE,FALSE,FALSE,ACTIVE,,AVAILABLE
DEV-6XUMDQ,ACC-4CSKJ3F,MOBILE,Android 12,fp-6cda1079d423,2025-08-30,2026-08-29,TRUE,FALSE,FALSE,ACTIVE,DEV-U1B4TU,AVAILABLE
DEV-X0YV1W,ACC-4EVB2Y6,MOBILE,iOS 16,fp-028788201275,2023-06-04,2026-08-29,TRUE,FALSE,FALSE,ACTIVE,,AVAILABLE
DEV-PV9L9V,ACC-4IKMOC0,MOBILE,Android 13,fp-41f893bc1929,2020-08-27,2026-08-29,TRUE,FALSE,FALSE,ACTIVE,,AVAILABLE
DEV-4GSCWA,ACC-4JNUCYD,MOBILE,iOS 16,fp-7d0ecd28f8e6,2024-03-02,2026-08-29,TRUE,FALSE,FALSE,ACTIVE,,AVAILABLE
DEV-QK9VJB,ACC-4L5GTCY,MOBILE,iOS 17,fp-be922c12cfb4,2026-01-05,2026-08-29,TRUE,FALSE,FALSE,ACTIVE,,AVAILABLE
DEV-OMB2GT,ACC-4NOUWR6,MOBILE,Android 12,fp-2d1781e64b84,2020-03-27,2026-08-29,TRUE,FALSE,FALSE,ACTIVE,,AVAILABLE
DEV-H409KU,ACC-4OGW9XH,MOBILE,Android 13,fp-a4019d0b8d0b,2025-09-15,2026-08-29,TRUE,FALSE,FALSE,ACTIVE,,AVAILABLE
DEV-C9ZYH8,ACC-4SBKXCS,MOBILE,iOS 16,fp-0b38d2dc98ca,2019-08-03,2026-08-29,TRUE,FALSE,FALSE,ACTIVE,,AVAILABLE
DEV-8E67F5,ACC-4Z56RJ3,MOBILE,Android 14,fp-f15b6fc60926,2025-05-24,2026-08-29,TRUE,FALSE,FALSE,ACTIVE,,AVAILABLE
DEV-60LVFX,ACC-4ZXTX1L,TABLET,iPadOS 17,fp-60b7b55f18b2,2025-12-23,2026-08-29,TRUE,FALSE,FALSE,ACTIVE,,AVAILABLE
DEV-DXO1VW,ACC-4ZXTX1L,MOBILE,Android 13,fp-2735a768ecd8,2026-01-27,2026-08-29,TRUE,FALSE,FALSE,ACTIVE,,AVAILABLE
DEV-27ROG5,ACC-52SOMK1,MOBILE,Android 14,fp-39a8b3ef61b2,2021-08-05,2026-08-29,TRUE,FALSE,FALSE,ACTIVE,,AVAILABLE
DEV-GAGI9K,ACC-52SOMK1,WEB,Windows 11 / Chrome,fp-4751b2ece315,2025-08-12,2026-08-29,TRUE,FALSE,FALSE,ACTIVE,,AVAILABLE
DEV-TJ44MA,ACC-52Y4R1F,MOBILE,iOS 16,fp-433d203eaac4,2024-05-21,2026-08-29,TRUE,FALSE,FALSE,ACTIVE,,AVAILABLE
DEV-YX2JG2,ACC-56Q8V88,MOBILE,Android 14,fp-9d8986bf8845,2025-10-03,2026-08-29,TRUE,FALSE,FALSE,ACTIVE,,AVAILABLE
DEV-AANHR7,ACC-5DFNIAJ,MOBILE,Android 12,fp-50ee2b8bc19a,2022-10-03,2026-04-12,FALSE,TRUE,FALSE,RETIRED,,AVAILABLE
DEV-FGL0C5,ACC-5DFNIAJ,MOBILE,Android 13,fp-e7140d940afb,2022-10-21,2026-08-29,TRUE,FALSE,FALSE,ACTIVE,,AVAILABLE
DEV-QDLB2C,ACC-5DFNIAJ,MOBILE,Android 13,fp-e6baa881f9c9,2026-04-12,2026-08-29,TRUE,FALSE,FALSE,ACTIVE,DEV-AANHR7,AVAILABLE
DEV-1H04IP,ACC-5FAALFS,MOBILE,iOS 16,fp-9b1316ee35a2,2023-06-23,2026-08-29,TRUE,FALSE,FALSE,ACTIVE,,AVAILABLE
DEV-6P7NCZ,ACC-5FVDDWJ,MOBILE,Android 14,fp-81d286806b9b,2025-12-03,2026-08-29,TRUE,FALSE,FALSE,ACTIVE,,AVAILABLE
DEV-YPWB66,ACC-5I78U5T,MOBILE,Android 12,fp-74f8f486032e,2025-02-02,2026-08-29,TRUE,FALSE,FALSE,ACTIVE,,AVAILABLE
DEV-XHY8Q3,ACC-5JN7BS0,MOBILE,iOS 16,fp-836885006235,2025-11-14,2026-08-29,TRUE,FALSE,FALSE,ACTIVE,,AVAILABLE
DEV-6N31K1,ACC-5LSCATG,MOBILE,iOS 17,fp-1fd86f4615f0,2024-01-02,2026-08-29,TRUE,FALSE,FALSE,ACTIVE,,AVAILABLE
DEV-J9DYE2,ACC-5R5L6RZ,MOBILE,iOS 17,fp-cf85cfb5e2fe,2021-09-27,2026-08-29,TRUE,FALSE,FALSE,ACTIVE,,AVAILABLE
DEV-03LSYW,ACC-5R5L6RZ,WEB,Windows 11 / Chrome,fp-a0e9eff3f321,2025-08-22,2026-08-29,TRUE,FALSE,FALSE,ACTIVE,,AVAILABLE
DEV-NINN4D,ACC-5ZTKB9Z,MOBILE,iOS 17,fp-42d506da9079,2019-12-31,2026-08-29,TRUE,FALSE,FALSE,ACTIVE,,AVAILABLE
DEV-X90Q3L,ACC-66NW7Y6,MOBILE,iOS 16,fp-ed00b5a2e481,2021-09-19,2026-08-29,TRUE,FALSE,FALSE,ACTIVE,,AVAILABLE
DEV-ULVZ62,ACC-69BY4CY,MOBILE,Android 13,fp-1c6bf441b927,2022-04-24,2026-08-29,TRUE,FALSE,FALSE,ACTIVE,,AVAILABLE
DEV-Y8EK23,ACC-6BQKDJU,MOBILE,Android 14,fp-41177ace34b0,2025-08-10,2026-08-29,TRUE,FALSE,FALSE,ACTIVE,,AVAILABLE
DEV-0IYFOV,ACC-6EK26Y9,MOBILE,iOS 16,fp-0fc00b9abf70,2023-02-18,2026-08-29,TRUE,FALSE,FALSE,ACTIVE,,AVAILABLE
DEV-N66MNV,ACC-6EUC1G7,MOBILE,iOS 16,fp-a1b1738884ac,2023-02-27,2026-08-29,TRUE,FALSE,FALSE,ACTIVE,,AVAILABLE
DEV-Y2WN6G,ACC-6GN8W9U,MOBILE,Android 12,fp-3e6227cdda40,2025-07-17,2026-08-29,TRUE,FALSE,FALSE,ACTIVE,,AVAILABLE
DEV-A902AT,ACC-6HHR8X8,MOBILE,iOS 17,fp-374947e78d6a,2023-03-09,2026-08-29,TRUE,FALSE,FALSE,ACTIVE,,AVAILABLE
DEV-G0AT17,ACC-6I5A7D9,MOBILE,iOS 16,fp-a9ec00d655c0,2022-07-04,2026-02-26,FALSE,TRUE,FALSE,RETIRED,,UNKNOWN
DEV-3VTX4D,ACC-6I5A7D9,MOBILE,Android 14,fp-959b5370dde7,2022-07-14,2026-08-29,TRUE,FALSE,FALSE,ACTIVE,,AVAILABLE
DEV-0CZ8WB,ACC-6I5A7D9,MOBILE,Android 12,fp-a380fbd87f09,2026-02-26,2026-08-29,TRUE,FALSE,FALSE,ACTIVE,DEV-G0AT17,AVAILABLE
DEV-ESX32G,ACC-6K088ZF,MOBILE,iOS 16,fp-b46a3fb846b1,2023-06-07,2026-08-29,TRUE,FALSE,FALSE,ACTIVE,,AVAILABLE
DEV-5QTWFS,ACC-6O9YZPF,MOBILE,iOS 16,fp-e157fb419843,2025-01-02,2026-08-29,TRUE,FALSE,FALSE,ACTIVE,,AVAILABLE
DEV-4JJPOU,ACC-6OC7T3B,MOBILE,Android 12,fp-376b62b7bd5e,2025-10-17,2026-08-29,TRUE,FALSE,FALSE,ACTIVE,,AVAILABLE
DEV-P2RFQD,ACC-6SR17OT,MOBILE,Android 13,fp-262160ceea57,2019-08-31,2025-10-02,FALSE,TRUE,FALSE,RETIRED,,UNKNOWN
DEV-3A9JC1,ACC-6SR17OT,MOBILE,Android 14,fp-ca2addb72af5,2019-09-04,2026-08-29,TRUE,FALSE,FALSE,ACTIVE,,AVAILABLE
DEV-9AVU1V,ACC-6SR17OT,MOBILE,iOS 16,fp-60ac0b68fb2d,2025-10-02,2026-08-29,TRUE,FALSE,FALSE,ACTIVE,DEV-P2RFQD,AVAILABLE
DEV-IB05VE,ACC-6Y3A5Z1,MOBILE,iOS 17,fp-a6cda51bcea2,2020-03-03,2026-08-29,TRUE,FALSE,FALSE,ACTIVE,,AVAILABLE
DEV-A9TX0Z,ACC-6YHRDU3,MOBILE,Android 12,fp-5173032d28bd,2019-07-31,2026-08-29,TRUE,FALSE,FALSE,ACTIVE,,AVAILABLE
DEV-BJYV1S,ACC-70SBOVV,MOBILE,Android 12,fp-d67a3eafa0ef,2026-01-26,2026-08-29,TRUE,FALSE,FALSE,ACTIVE,,AVAILABLE
DEV-VB1TCA,ACC-70X3FG6,MOBILE,iOS 17,fp-1977065fe9c7,2021-10-03,2026-08-29,TRUE,FALSE,FALSE,ACTIVE,,AVAILABLE
DEV-AT0N03,ACC-73J6IUU,MOBILE,Android 13,fp-8afc751def3b,2022-10-04,2026-08-29,TRUE,FALSE,FALSE,ACTIVE,,AVAILABLE
DEV-UM6OEW,ACC-73J6IUU,WEB,Windows 11 / Chrome,fp-1ffc635085c5,2025-11-30,2026-08-29,TRUE,FALSE,FALSE,ACTIVE,,AVAILABLE
DEV-1BQZEY,ACC-772URMS,MOBILE,Android 12,fp-25928fa07edd,2021-02-26,2026-08-29,TRUE,FALSE,FALSE,ACTIVE,,AVAILABLE
DEV-J0NB3R,ACC-79O2XZ3,MOBILE,iOS 16,fp-e9c90cc5696c,2024-07-17,2026-08-29,TRUE,FALSE,FALSE,ACTIVE,,AVAILABLE
DEV-2ASQTE,ACC-7F16XBX,MOBILE,iOS 17,fp-6c38a2627433,2023-12-07,2026-08-29,TRUE,FALSE,FALSE,ACTIVE,,AVAILABLE
DEV-ROT6UQ,ACC-7SFQM9R,MOBILE,Android 14,fp-0d0f86659522,2022-05-10,2026-08-29,TRUE,FALSE,FALSE,ACTIVE,,AVAILABLE
DEV-0KN8J6,ACC-7SFQM9R,WEB,Windows 10 / Edge,fp-eeff637a07bf,2025-08-14,2026-08-29,TRUE,FALSE,FALSE,ACTIVE,,AVAILABLE
DEV-RX4R1U,ACC-7YJPCHM,MOBILE,Android 14,fp-75115bd37767,2020-11-06,2026-08-29,TRUE,FALSE,FALSE,ACTIVE,,AVAILABLE
DEV-IY0L7Z,ACC-7YVR4NK,MOBILE,Android 14,fp-af69ed48e7dd,2020-10-29,2026-08-29,TRUE,FALSE,FALSE,ACTIVE,,AVAILABLE
DEV-DADZJ8,ACC-8192CA3,MOBILE,Android 12,fp-2d5ed26e8b58,2019-08-06,2026-08-29,TRUE,FALSE,FALSE,ACTIVE,,AVAILABLE
DEV-MYR3MN,ACC-8L3178T,MOBILE,Android 14,fp-70d003aa7278,2024-05-25,2026-08-29,TRUE,FALSE,FALSE,ACTIVE,,AVAILABLE
DEV-TZ73WV,ACC-8MFT3J4,MOBILE,iOS 17,fp-5539cd32d935,2021-02-16,2026-08-29,TRUE,FALSE,FALSE,ACTIVE,,AVAILABLE
DEV-W338L0,ACC-8R8KUSS,MOBILE,iOS 17,fp-11471e6f28f0,2023-05-14,2026-08-29,TRUE,FALSE,FALSE,ACTIVE,,AVAILABLE
DEV-8XWDHU,ACC-90ZASH1,MOBILE,iOS 16,fp-b190c9847841,2021-12-25,2026-08-29,TRUE,FALSE,FALSE,ACTIVE,,AVAILABLE
DEV-7VOSIY,ACC-9535HJH,MOBILE,iOS 16,fp-888e03df3dfa,2023-10-11,2026-08-29,TRUE,FALSE,FALSE,ACTIVE,,AVAILABLE
DEV-5JY2FN,ACC-95IUZ6Y,MOBILE,iOS 17,fp-879ba11f1031,2022-12-27,2026-08-29,TRUE,FALSE,FALSE,ACTIVE,,AVAILABLE
DEV-OB13VA,ACC-9EC6G61,MOBILE,Android 14,fp-4e867c6dd771,2024-02-27,2026-08-29,TRUE,FALSE,FALSE,ACTIVE,,AVAILABLE
DEV-C27RQE,ACC-9ET83Z0,MOBILE,iOS 16,fp-1d7dc8ab89c4,2021-04-28,2026-08-29,TRUE,FALSE,FALSE,ACTIVE,,AVAILABLE
DEV-21NTQH,ACC-9F5G3UK,MOBILE,Android 14,fp-a7bde1f97666,2020-08-31,2026-08-29,TRUE,FALSE,FALSE,ACTIVE,,AVAILABLE
DEV-SAR2JR,ACC-9FM8D7M,MOBILE,Android 12,fp-49f054c7dcf7,2019-08-22,2026-08-29,TRUE,FALSE,FALSE,ACTIVE,,AVAILABLE
DEV-CY31KQ,ACC-9FN202S,MOBILE,iOS 17,fp-559988d868e0,2022-05-14,2026-08-29,TRUE,FALSE,FALSE,ACTIVE,,AVAILABLE
DEV-5H1LO6,ACC-9JHCAZ8,MOBILE,iOS 16,fp-4c3ebba1952f,2023-09-06,2026-08-29,TRUE,FALSE,FALSE,ACTIVE,,AVAILABLE
DEV-5B9BDI,ACC-9K6DZQ5,MOBILE,Android 12,fp-fd3dc5664d3e,2025-03-08,2026-08-29,TRUE,FALSE,FALSE,ACTIVE,,AVAILABLE
DEV-I7KWI1,ACC-9LQY3T3,MOBILE,iOS 16,fp-ecabceb181db,2024-06-06,2026-08-29,TRUE,FALSE,FALSE,ACTIVE,,AVAILABLE
DEV-4W7D8D,ACC-9PH3I37,MOBILE,Android 14,fp-1982191872bc,2025-07-18,2026-08-29,TRUE,FALSE,FALSE,ACTIVE,,AVAILABLE
DEV-NK6NN8,ACC-9RGDKUY,MOBILE,Android 12,fp-a6eb1fa7db9b,2024-05-28,2026-08-29,TRUE,FALSE,FALSE,ACTIVE,,AVAILABLE
DEV-8GJRQD,ACC-9WHSBP1,MOBILE,iOS 17,fp-950b844b4ac4,2020-10-18,2026-08-29,TRUE,FALSE,FALSE,ACTIVE,,AVAILABLE
DEV-UHB7XG,ACC-9WHSBP1,TABLET,iPadOS 17,fp-86699b25db69,2025-08-26,2026-08-29,TRUE,FALSE,FALSE,ACTIVE,,AVAILABLE
DEV-46GSV5,ACC-9XA4KWG,MOBILE,iOS 16,fp-58a1d273ab10,2024-09-20,2026-08-29,TRUE,FALSE,FALSE,ACTIVE,,AVAILABLE
DEV-BGSU0R,ACC-9XM091Z,MOBILE,Android 14,fp-35a39e5bf187,2024-02-11,2026-08-29,TRUE,FALSE,FALSE,ACTIVE,,AVAILABLE
DEV-S15REP,ACC-A170XC7,MOBILE,Android 12,fp-cf261f2c7732,2023-07-10,2026-08-29,TRUE,FALSE,FALSE,ACTIVE,,AVAILABLE
DEV-YQ48O4,ACC-A78MX1E,MOBILE,Android 13,fp-63fa9705e929,2025-08-10,2026-08-29,TRUE,FALSE,FALSE,ACTIVE,,AVAILABLE
DEV-6JF6BQ,ACC-A7NMSK8,MOBILE,Android 13,fp-8f59b285622b,2024-02-08,2026-08-29,TRUE,FALSE,FALSE,ACTIVE,,AVAILABLE
DEV-NJ0E9J,ACC-ACB7G6Z,MOBILE,Android 12,fp-567b40936650,2024-09-28,2026-08-29,TRUE,FALSE,FALSE,ACTIVE,,AVAILABLE
DEV-H9QHCN,ACC-ACB7G6Z,TABLET,Android 14 (Tablet),fp-1bac9513a9c9,2026-05-04,2026-08-29,TRUE,FALSE,FALSE,ACTIVE,,AVAILABLE
DEV-9U7TB0,ACC-AG8VFMI,MOBILE,Android 13,fp-d27948a397c9,2023-03-01,2026-08-29,TRUE,FALSE,FALSE,ACTIVE,,AVAILABLE
DEV-8MUHA0,ACC-AH3XM2A,MOBILE,Android 12,fp-1415617c6c49,2021-09-06,2026-08-29,TRUE,FALSE,FALSE,ACTIVE,,AVAILABLE
DEV-0ZPD7O,ACC-AK04VVG,MOBILE,iOS 17,fp-0b29ed8da16b,2021-01-19,2026-08-29,TRUE,FALSE,FALSE,ACTIVE,,AVAILABLE
DEV-STC6D1,ACC-AMA18WP,MOBILE,Android 14,fp-c23e6849db4a,2020-05-18,2026-08-29,TRUE,FALSE,FALSE,ACTIVE,,AVAILABLE
DEV-5188YN,ACC-AO08CAP,MOBILE,iOS 16,fp-d5d9a09b6a80,2023-06-06,2026-08-29,TRUE,FALSE,FALSE,ACTIVE,,AVAILABLE
DEV-5TMTT4,ACC-ARN9585,MOBILE,Android 14,fp-302de85edab8,2025-03-31,2025-07-02,FALSE,TRUE,FALSE,RETIRED,,UNKNOWN
DEV-O7IW2G,ACC-ARN9585,MOBILE,Android 13,fp-3ed9d6a6177a,2025-04-15,2026-08-29,TRUE,FALSE,FALSE,ACTIVE,,AVAILABLE
DEV-VM9HDK,ACC-ARN9585,MOBILE,Android 14,fp-0e6bc90f7c00,2025-07-02,2026-08-29,TRUE,FALSE,FALSE,ACTIVE,DEV-5TMTT4,AVAILABLE
DEV-92NNB7,ACC-ARN9585,TABLET,Android 14 (Tablet),fp-24ae1faa1df2,2025-11-25,2026-08-29,TRUE,FALSE,FALSE,ACTIVE,,AVAILABLE
DEV-SJUKA2,ACC-AWXUF9Q,MOBILE,iOS 17,fp-7e33c9700ecd,2024-02-23,2026-08-29,TRUE,FALSE,FALSE,ACTIVE,,AVAILABLE
DEV-T0RCF4,ACC-B2JA7EF,MOBILE,Android 14,fp-b649848b9b35,2019-09-11,2026-08-29,TRUE,FALSE,FALSE,ACTIVE,,AVAILABLE
DEV-KB4N2T,ACC-B56HEP2,MOBILE,Android 14,fp-7e1a19898c06,2021-06-28,2025-12-05,FALSE,TRUE,FALSE,RETIRED,,AVAILABLE
DEV-8ZWLYD,ACC-B56HEP2,MOBILE,Android 14,fp-43ac8436a511,2021-07-07,2026-08-29,TRUE,FALSE,FALSE,ACTIVE,,AVAILABLE
DEV-WCDUQ1,ACC-B56HEP2,TABLET,Android 14 (Tablet),fp-fa62ab5210fb,2025-10-29,2026-08-29,TRUE,FALSE,FALSE,ACTIVE,,AVAILABLE
DEV-RQWMX6,ACC-B56HEP2,MOBILE,Android 14,fp-c11e5e8cee7e,2025-12-05,2026-08-29,TRUE,FALSE,FALSE,ACTIVE,DEV-KB4N2T,AVAILABLE
DEV-0BUJ7J,ACC-B5SQ0ZY,MOBILE,Android 12,fp-b1af5d5219fc,2024-02-02,2026-08-29,TRUE,FALSE,FALSE,ACTIVE,,AVAILABLE
DEV-Y04N73,ACC-B5SQ0ZY,TABLET,Android 14 (Tablet),fp-3fd6f4a34a76,2026-02-03,2026-08-29,TRUE,FALSE,FALSE,ACTIVE,,AVAILABLE
DEV-R7Q9RM,ACC-B5UL5NW,MOBILE,iOS 16,fp-e10d5faa395b,2026-04-07,2026-08-29,TRUE,FALSE,FALSE,ACTIVE,,AVAILABLE
DEV-A8HBPW,ACC-BDH02YH,MOBILE,iOS 17,fp-c682c0a4abdb,2020-04-26,2026-08-29,TRUE,FALSE,FALSE,ACTIVE,,AVAILABLE
DEV-491VB7,ACC-BQR9LC5,MOBILE,Android 12,fp-3f59f95cc4f8,2021-09-04,2026-08-29,TRUE,FALSE,FALSE,ACTIVE,,AVAILABLE
DEV-KOX6N3,ACC-BRCL472,MOBILE,iOS 16,fp-35b5829b2ca2,2026-07-18,2026-08-29,TRUE,FALSE,FALSE,ACTIVE,,AVAILABLE
DEV-8ITV5I,ACC-BS5FI6E,MOBILE,Android 12,fp-845e9619f773,2020-03-16,2026-08-29,TRUE,FALSE,FALSE,ACTIVE,,AVAILABLE
DEV-QYS357,ACC-BVN8NN8,MOBILE,Android 12,fp-8dc555078091,2025-06-20,2026-08-29,TRUE,FALSE,FALSE,ACTIVE,,AVAILABLE
DEV-PZ0CXM,ACC-BX9X39I,MOBILE,Android 12,fp-88a590a92756,2024-09-24,2026-08-29,TRUE,FALSE,FALSE,ACTIVE,,AVAILABLE
DEV-KPXVW3,ACC-C04T2VY,MOBILE,iOS 17,fp-5fd08a9e0cde,2025-03-02,2026-08-29,TRUE,FALSE,FALSE,ACTIVE,,AVAILABLE
DEV-3RCVYM,ACC-C3DXMRX,MOBILE,iOS 17,fp-a2bb85018f78,2021-02-22,2026-08-29,TRUE,FALSE,FALSE,ACTIVE,,AVAILABLE
DEV-VEJV1G,ACC-C3Y7HAT,MOBILE,Android 13,fp-9b27883e2995,2022-09-01,2026-08-29,TRUE,FALSE,FALSE,ACTIVE,,AVAILABLE
DEV-J8SV0T,ACC-C46C17Z,MOBILE,Android 12,fp-0e5455b0d600,2023-09-14,2026-08-29,TRUE,FALSE,FALSE,ACTIVE,,AVAILABLE
DEV-7QPMPN,ACC-C4XYJLC,MOBILE,Android 14,fp-d3735a1bc695,2021-12-14,2026-08-29,TRUE,FALSE,FALSE,ACTIVE,,AVAILABLE
DEV-Y5IP3W,ACC-C4XYJLC,TABLET,iPadOS 17,fp-eeb13d31a22c,2026-05-19,2026-08-29,TRUE,FALSE,FALSE,ACTIVE,,AVAILABLE
DEV-5FT3RF,ACC-C9ODQQB,MOBILE,iOS 16,fp-c882bdefe4fd,2020-06-08,2026-08-29,TRUE,FALSE,FALSE,ACTIVE,,AVAILABLE
DEV-6UPEZB,ACC-CAIKVW2,MOBILE,Android 13,fp-43ab1e433ac4,2024-05-02,2026-08-29,TRUE,FALSE,FALSE,ACTIVE,,AVAILABLE
DEV-AE7WY7,ACC-CBKOGG5,MOBILE,iOS 17,fp-685b50e46cb1,2023-04-23,2026-04-21,FALSE,TRUE,FALSE,RETIRED,,AVAILABLE
DEV-E0ANQP,ACC-CBKOGG5,MOBILE,iOS 16,fp-4555a09559c9,2023-04-24,2026-08-29,TRUE,FALSE,FALSE,ACTIVE,,AVAILABLE
DEV-EEBJB7,ACC-CBKOGG5,MOBILE,iOS 17,fp-4c55492d09db,2026-04-21,2026-08-29,TRUE,FALSE,FALSE,ACTIVE,DEV-AE7WY7,AVAILABLE
DEV-5Q0NAH,ACC-CDP9AJG,MOBILE,Android 13,fp-636a5e525e70,2024-12-04,2026-08-29,TRUE,FALSE,FALSE,ACTIVE,,AVAILABLE
DEV-KEK90N,ACC-CEM9N4N,MOBILE,Android 14,fp-e21a1947bdbf,2023-11-13,2026-08-29,TRUE,FALSE,FALSE,ACTIVE,,AVAILABLE
DEV-D6PYSK,ACC-CEQUA7O,MOBILE,Android 12,fp-48df324abc7e,2024-07-01,2026-08-29,TRUE,FALSE,FALSE,ACTIVE,,AVAILABLE
DEV-W8V0MP,ACC-CEQUA7O,WEB,macOS / Safari,fp-5ace85e087f4,2025-12-22,2026-08-29,TRUE,FALSE,FALSE,ACTIVE,,AVAILABLE
DEV-1O1NPB,ACC-CER8CLU,MOBILE,Android 12,fp-5922dbcb0a80,2021-04-03,2026-08-29,TRUE,FALSE,FALSE,ACTIVE,,AVAILABLE
DEV-UTY7BS,ACC-CFU5HYS,MOBILE,iOS 16,fp-99ab3d894288,2020-10-14,2026-08-29,TRUE,FALSE,FALSE,ACTIVE,,AVAILABLE
DEV-28EWT4,ACC-CR0F5PX,MOBILE,iOS 16,fp-c9b59151c16c,2025-01-28,2026-02-11,FALSE,TRUE,FALSE,RETIRED,,AVAILABLE
DEV-830C7X,ACC-CR0F5PX,MOBILE,Android 14,fp-60c16441d508,2025-02-14,2026-08-29,TRUE,FALSE,FALSE,ACTIVE,,AVAILABLE
DEV-IW3SEL,ACC-CR0F5PX,MOBILE,iOS 16,fp-936c70db2ff1,2026-02-11,2026-08-29,TRUE,FALSE,FALSE,ACTIVE,DEV-28EWT4,AVAILABLE
DEV-2G862W,ACC-CT2CXIF,MOBILE,Android 12,fp-ea1141fa418c,2026-01-04,2026-01-05,FALSE,TRUE,FALSE,RETIRED,,AVAILABLE
DEV-D3SNBZ,ACC-CT2CXIF,MOBILE,iOS 17,fp-8ff65149880f,2026-01-05,2026-08-29,TRUE,FALSE,FALSE,ACTIVE,DEV-2G862W,AVAILABLE
DEV-27MAE9,ACC-CT2CXIF,MOBILE,Android 12,fp-db9c0e9ad5ac,2026-01-24,2026-08-29,TRUE,FALSE,FALSE,ACTIVE,,AVAILABLE
DEV-EI5XB9,ACC-CTT593O,MOBILE,iOS 16,fp-4c0404c93463,2020-08-22,2026-08-29,TRUE,FALSE,FALSE,ACTIVE,,AVAILABLE
DEV-1AU5O6,ACC-CUG7RQ8,MOBILE,Android 14,fp-b1d421ebd0cb,2021-08-04,2026-08-29,TRUE,FALSE,FALSE,ACTIVE,,AVAILABLE
DEV-PZHJ14,ACC-D1I4N2E,MOBILE,Android 12,fp-74501a939a52,2021-03-26,2026-08-29,TRUE,FALSE,FALSE,ACTIVE,,AVAILABLE
DEV-IV910D,ACC-D6FLEEP,MOBILE,iOS 17,fp-dee8954faa8a,2026-01-17,2026-08-29,TRUE,FALSE,FALSE,ACTIVE,,AVAILABLE
DEV-JQ0790,ACC-D7761SU,MOBILE,iOS 16,fp-a853bc60c2ad,2022-08-16,2026-08-29,TRUE,FALSE,FALSE,ACTIVE,,AVAILABLE
DEV-L84UMO,ACC-D7CEDA0,MOBILE,iOS 16,fp-400b6d671c57,2025-06-29,2026-08-29,TRUE,FALSE,FALSE,ACTIVE,,AVAILABLE
DEV-YYNR33,ACC-DG0LKS9,MOBILE,iOS 16,fp-d903da951024,2021-05-10,2026-08-29,TRUE,FALSE,FALSE,ACTIVE,,AVAILABLE
DEV-AH0YIB,ACC-DJKDFR2,MOBILE,Android 14,fp-76c4f0cb726f,2025-10-06,2026-08-29,TRUE,FALSE,FALSE,ACTIVE,DEV-ZM80UE,AVAILABLE
DEV-ZM80UE,ACC-DJKDFR2,MOBILE,Android 14,fp-0a83b40fd9ef,2026-06-20,2025-10-06,FALSE,TRUE,FALSE,RETIRED,,AVAILABLE
DEV-L3WZFA,ACC-DJKDFR2,MOBILE,iOS 17,fp-1df64ac820c5,2026-06-22,2026-08-29,TRUE,FALSE,FALSE,ACTIVE,,AVAILABLE
DEV-PKN2AL,ACC-DM7X52D,MOBILE,iOS 16,fp-c750f3b92a37,2026-07-31,2026-08-29,TRUE,FALSE,FALSE,ACTIVE,,AVAILABLE
DEV-F1HMQT,ACC-DPFF5E8,MOBILE,Android 12,fp-71bf6d8581c5,2025-07-26,2025-12-12,FALSE,TRUE,FALSE,RETIRED,,UNKNOWN
DEV-51RW3P,ACC-DPFF5E8,MOBILE,Android 12,fp-e12ab143c2a9,2025-07-31,2026-08-29,TRUE,FALSE,FALSE,ACTIVE,,AVAILABLE
DEV-SRA0NB,ACC-DPFF5E8,MOBILE,iOS 16,fp-488ea3770a72,2025-12-12,2026-08-29,TRUE,FALSE,FALSE,ACTIVE,DEV-F1HMQT,AVAILABLE
DEV-IFU461,ACC-DW6ET32,MOBILE,iOS 17,fp-85d250a4e013,2022-08-10,2026-08-29,TRUE,FALSE,FALSE,ACTIVE,,AVAILABLE
DEV-TJ4GX2,ACC-DY1MSMZ,MOBILE,iOS 16,fp-b246428bd60c,2024-11-16,2026-08-29,TRUE,FALSE,FALSE,ACTIVE,,AVAILABLE
DEV-5QE06P,ACC-DY7084P,MOBILE,Android 13,fp-6ceb4303e05b,2024-03-13,2026-08-29,TRUE,FALSE,FALSE,ACTIVE,,AVAILABLE
DEV-1NQTSN,ACC-E00V830,MOBILE,Android 12,fp-8cc7732467be,2025-06-14,2026-08-29,TRUE,FALSE,FALSE,ACTIVE,DEV-NAS6XJ,AVAILABLE
DEV-NAS6XJ,ACC-E00V830,MOBILE,iOS 16,fp-ebcf16cad416,2025-12-03,2025-06-14,FALSE,TRUE,FALSE,RETIRED,,UNKNOWN
DEV-P7SP09,ACC-E00V830,MOBILE,Android 13,fp-c6ab702024ec,2025-12-17,2026-08-29,TRUE,FALSE,FALSE,ACTIVE,,AVAILABLE
DEV-XBWP3B,ACC-E3YVZMZ,MOBILE,Android 13,fp-ecaccd8a4d60,2025-05-08,2025-07-08,FALSE,TRUE,FALSE,RETIRED,,UNKNOWN
DEV-PGP952,ACC-E3YVZMZ,MOBILE,iOS 16,fp-2a6016e0534f,2025-05-13,2026-08-29,TRUE,FALSE,FALSE,ACTIVE,,AVAILABLE
DEV-FUPM5B,ACC-E3YVZMZ,MOBILE,iOS 16,fp-3e8c784cd629,2025-07-08,2026-08-29,TRUE,FALSE,FALSE,ACTIVE,DEV-XBWP3B,AVAILABLE
DEV-LW3MDZ,ACC-E6PR5N8,MOBILE,iOS 16,fp-492756ae0e27,2025-08-29,2026-08-29,TRUE,FALSE,FALSE,ACTIVE,,AVAILABLE
DEV-ZSVV38,ACC-E6SVH6Q,MOBILE,iOS 16,fp-f2fa056c86d4,2025-11-07,2026-08-29,TRUE,FALSE,FALSE,ACTIVE,,AVAILABLE
DEV-5PRPC1,ACC-ECJ5B4C,MOBILE,Android 14,fp-b2e99c7d771f,2022-05-15,2026-08-29,TRUE,FALSE,FALSE,ACTIVE,,AVAILABLE
DEV-TDQ0AW,ACC-ECTS377,MOBILE,Android 14,fp-2d7d04d7d7ec,2023-07-22,2025-10-13,FALSE,TRUE,FALSE,RETIRED,,UNKNOWN
DEV-LWJXM7,ACC-ECTS377,MOBILE,iOS 16,fp-de1ecab34f56,2023-07-25,2026-08-29,TRUE,FALSE,FALSE,ACTIVE,,AVAILABLE
DEV-6U6A7U,ACC-ECTS377,WEB,Windows 11 / Chrome,fp-6b677c9fa1dd,2025-09-25,2026-08-29,TRUE,FALSE,FALSE,ACTIVE,,AVAILABLE
DEV-0HJMIX,ACC-ECTS377,MOBILE,Android 13,fp-63f7988290e3,2025-10-13,2026-08-29,TRUE,FALSE,FALSE,ACTIVE,DEV-TDQ0AW,AVAILABLE
DEV-AFRQ9U,ACC-EM2IFVH,MOBILE,iOS 17,fp-eacac89faa75,2024-03-06,2025-09-22,FALSE,TRUE,FALSE,RETIRED,,UNKNOWN
DEV-X6PVK6,ACC-EM2IFVH,MOBILE,iOS 17,fp-6320ee5cbee9,2024-03-20,2026-08-29,TRUE,FALSE,FALSE,ACTIVE,,AVAILABLE
DEV-NR0Q16,ACC-EM2IFVH,MOBILE,iOS 16,fp-4c789e6a3f8b,2025-09-22,2026-08-29,TRUE,FALSE,FALSE,ACTIVE,DEV-AFRQ9U,AVAILABLE
DEV-EV9XMF,ACC-EOGKKC0,MOBILE,Android 14,fp-d253ae8b1689,2023-07-25,2026-08-29,TRUE,FALSE,FALSE,ACTIVE,,AVAILABLE
DEV-467R6N,ACC-ER1KTGJ,MOBILE,Android 12,fp-665d6b6c9673,2020-03-11,2026-08-29,TRUE,FALSE,FALSE,ACTIVE,,AVAILABLE
DEV-RRPHM8,ACC-ER1KTGJ,WEB,Windows 10 / Edge,fp-8fdf0ed9f31f,2026-03-18,2026-08-29,TRUE,FALSE,FALSE,ACTIVE,,AVAILABLE
DEV-GXK0BN,ACC-EYNINT1,MOBILE,Android 14,fp-6f1156e847dc,2021-02-17,2026-08-29,TRUE,FALSE,FALSE,ACTIVE,,AVAILABLE
DEV-78A1MV,ACC-EZC1B3E,MOBILE,Android 12,fp-9a8b0a5cb7f1,2026-01-10,2026-08-29,TRUE,FALSE,FALSE,ACTIVE,,AVAILABLE
DEV-5RXQZJ,ACC-FH01XWM,MOBILE,Android 14,fp-e326af1e8955,2023-07-10,2026-08-29,TRUE,FALSE,FALSE,ACTIVE,,AVAILABLE
DEV-TO9NJI,ACC-FPEA0JL,MOBILE,Android 12,fp-70d3fffafdcd,2022-11-26,2026-08-29,TRUE,FALSE,FALSE,ACTIVE,,AVAILABLE
DEV-0RIBAB,ACC-FV4B1K1,MOBILE,Android 12,fp-86d36fa7ba54,2022-10-29,2026-08-29,TRUE,FALSE,FALSE,ACTIVE,,AVAILABLE
DEV-L654TU,ACC-FW9S351,MOBILE,Android 14,fp-dee41a991c63,2022-08-30,2026-08-29,TRUE,FALSE,FALSE,ACTIVE,,AVAILABLE
DEV-SHSUT9,ACC-FZGLI4U,MOBILE,Android 13,fp-9e8b3ec8bf1f,2019-09-27,2026-08-29,TRUE,FALSE,FALSE,ACTIVE,,AVAILABLE
DEV-7A84WR,ACC-FZVE9L4,MOBILE,Android 12,fp-fbe3f62a0d7b,2023-02-21,2026-08-29,TRUE,FALSE,FALSE,ACTIVE,,AVAILABLE
DEV-8H4RJF,ACC-G7ECILC,MOBILE,Android 14,fp-92540f1032a9,2023-04-14,2026-08-29,TRUE,FALSE,FALSE,ACTIVE,,AVAILABLE
DEV-1BRN1Y,ACC-G8WJAI7,MOBILE,Android 13,fp-990b99750519,2023-08-22,2026-08-29,TRUE,FALSE,FALSE,ACTIVE,,AVAILABLE
DEV-BN2QQ2,ACC-G8WJAI7,TABLET,Android 14 (Tablet),fp-ceb65ac94c45,2025-08-06,2026-08-29,TRUE,FALSE,FALSE,ACTIVE,,AVAILABLE
DEV-3FU3KX,ACC-G9O9YP6,MOBILE,Android 14,fp-8ea4ddc76e3b,2023-11-16,2026-08-29,TRUE,FALSE,FALSE,ACTIVE,,AVAILABLE
DEV-XOI81D,ACC-G9O9YP6,TABLET,iPadOS 17,fp-9a85faeeffe7,2025-10-27,2026-08-29,TRUE,FALSE,FALSE,ACTIVE,,AVAILABLE
DEV-AO2VIS,ACC-G9YS831,MOBILE,iOS 16,fp-19dc3003814d,2025-03-09,2026-08-29,TRUE,FALSE,FALSE,ACTIVE,,AVAILABLE
DEV-G3ULID,ACC-GA3ZIBH,MOBILE,iOS 16,fp-a8a22da77c66,2025-12-03,2026-08-29,TRUE,FALSE,FALSE,ACTIVE,DEV-V9NCBR,AVAILABLE
DEV-V9NCBR,ACC-GA3ZIBH,MOBILE,Android 12,fp-446841b00b45,2026-01-30,2025-12-03,FALSE,TRUE,FALSE,RETIRED,,UNKNOWN
DEV-M9DRWD,ACC-GA3ZIBH,MOBILE,Android 14,fp-cd97104e53c1,2026-02-19,2026-08-29,TRUE,FALSE,FALSE,ACTIVE,,AVAILABLE
DEV-8JL3QY,ACC-GCNM08K,MOBILE,Android 14,fp-7a6996a310e2,2021-07-23,2026-08-29,TRUE,FALSE,FALSE,ACTIVE,,AVAILABLE
DEV-3NY2TD,ACC-GCNM08K,WEB,macOS / Safari,fp-80e87e755028,2026-05-02,2026-08-29,TRUE,FALSE,FALSE,ACTIVE,,AVAILABLE
DEV-FTIN6T,ACC-GE49DBZ,MOBILE,Android 13,fp-b07c87a28dfe,2022-12-16,2026-08-29,TRUE,FALSE,FALSE,ACTIVE,,AVAILABLE
DEV-C2K4SU,ACC-GFAT2XR,MOBILE,Android 12,fp-05f2391f200b,2025-02-16,2026-08-29,TRUE,FALSE,FALSE,ACTIVE,,AVAILABLE
DEV-7TBATY,ACC-GG2KTBC,MOBILE,iOS 17,fp-8c749f0f7fcf,2026-04-14,2026-08-29,TRUE,FALSE,FALSE,ACTIVE,,UNKNOWN
DEV-HLY31E,ACC-GG7JPM7,MOBILE,Android 14,fp-fb87d407c6bd,2019-12-04,2026-08-29,TRUE,FALSE,FALSE,ACTIVE,,AVAILABLE
DEV-E4CRK8,ACC-GL64TPK,MOBILE,Android 13,fp-d823476be7d2,2021-05-06,2026-08-29,TRUE,FALSE,FALSE,ACTIVE,,AVAILABLE
DEV-UR1ERM,ACC-H1RJFUI,MOBILE,Android 14,fp-732c16c0c5ca,2024-08-14,2026-08-29,TRUE,FALSE,FALSE,ACTIVE,,AVAILABLE
DEV-DGPJA7,ACC-H1RJFUI,WEB,Windows 10 / Edge,fp-037a6c82ab28,2025-08-24,2026-08-29,TRUE,FALSE,FALSE,ACTIVE,,AVAILABLE
DEV-SGXI61,ACC-H3FNBDV,MOBILE,Android 14,fp-9802d2e1c839,2025-01-07,2026-04-03,FALSE,TRUE,FALSE,RETIRED,,UNKNOWN
DEV-KKW78V,ACC-H3FNBDV,MOBILE,Android 12,fp-8636af90e9e8,2025-01-25,2026-08-29,TRUE,FALSE,FALSE,ACTIVE,,AVAILABLE
DEV-4J0G5W,ACC-H3FNBDV,TABLET,Android 14 (Tablet),fp-aef1c37984a3,2026-03-24,2026-08-29,TRUE,FALSE,FALSE,ACTIVE,,AVAILABLE
DEV-TUNP5W,ACC-H3FNBDV,MOBILE,Android 14,fp-03bc38d3c92b,2026-04-03,2026-08-29,TRUE,FALSE,FALSE,ACTIVE,DEV-SGXI61,AVAILABLE
DEV-Z0P77U,ACC-H3FNBDV,MOBILE,iOS 17,fp-2d0b81f348cc,2026-08-18,2026-08-29,FALSE,TRUE,FALSE,ACTIVE,DEV-TUNP5W,AVAILABLE
DEV-IWJUY9,ACC-H7GPNG4,MOBILE,Android 14,fp-1954979ce772,2023-07-04,2026-08-29,TRUE,FALSE,FALSE,ACTIVE,,AVAILABLE
DEV-DN5EQ3,ACC-H7GX86O,MOBILE,Android 14,fp-b96876c2ca8d,2024-03-04,2026-08-29,TRUE,FALSE,FALSE,ACTIVE,,AVAILABLE
DEV-8KC4SV,ACC-HEZ5EDJ,MOBILE,Android 12,fp-b54edff8566a,2026-04-08,2026-08-29,TRUE,FALSE,FALSE,ACTIVE,,AVAILABLE
DEV-C6IGIR,ACC-HGP8IY3,MOBILE,Android 13,fp-ecd9a6c4437a,2024-10-05,2026-08-29,TRUE,FALSE,FALSE,ACTIVE,,AVAILABLE
DEV-PRQY8U,ACC-HGP8IY3,WEB,Windows 11 / Chrome,fp-4298b88e4b9e,2026-05-09,2026-08-29,TRUE,FALSE,FALSE,ACTIVE,,AVAILABLE
DEV-ARUOB8,ACC-HGP8IY3,MOBILE,Android 14,fp-471172aeeaf1,2026-08-24,2026-08-29,FALSE,TRUE,FALSE,ACTIVE,DEV-C6IGIR,AVAILABLE
DEV-XFQ7WQ,ACC-HHFH56O,MOBILE,iOS 17,fp-59a32e4a0b97,2024-09-20,2026-08-29,TRUE,FALSE,FALSE,ACTIVE,,AVAILABLE
DEV-96TJZM,ACC-HHFH56O,WEB,Windows 10 / Edge,fp-b23fd76c5729,2025-09-07,2026-08-29,TRUE,FALSE,FALSE,ACTIVE,,AVAILABLE
DEV-65O8YO,ACC-HL8Z7IO,MOBILE,Android 12,fp-4b5c3df8fbe7,2020-12-24,2026-08-29,TRUE,FALSE,FALSE,ACTIVE,,AVAILABLE
DEV-9RP55S,ACC-HL8Z7IO,WEB,Windows 10 / Edge,fp-91c95202bfd7,2026-03-24,2026-08-29,TRUE,FALSE,FALSE,ACTIVE,,AVAILABLE
DEV-YA9YRY,ACC-HMUH8LM,WEB,macOS / Safari,fp-d23544748cf4,2025-08-15,2026-08-29,TRUE,FALSE,FALSE,ACTIVE,,AVAILABLE
DEV-72FTQY,ACC-HMUH8LM,MOBILE,Android 12,fp-6a72aadc9468,2026-04-19,2026-08-29,TRUE,FALSE,FALSE,ACTIVE,,AVAILABLE
DEV-ZA9X2P,ACC-HUCI5RX,MOBILE,iOS 16,fp-e3fb41a9859b,2024-06-13,2026-08-29,TRUE,FALSE,FALSE,ACTIVE,,AVAILABLE
DEV-MJNCQ0,ACC-HYKM1QW,MOBILE,Android 12,fp-7084e59e29cd,2022-01-25,2026-08-29,TRUE,FALSE,FALSE,ACTIVE,,AVAILABLE
DEV-DYCTN0,ACC-I4J3X09,MOBILE,Android 14,fp-4a40846f695f,2024-11-09,2026-03-30,FALSE,TRUE,FALSE,RETIRED,,UNKNOWN
DEV-6MVA75,ACC-I4J3X09,MOBILE,Android 12,fp-b1523117449c,2024-11-10,2026-08-29,TRUE,FALSE,FALSE,ACTIVE,,AVAILABLE
DEV-30K4D5,ACC-I4J3X09,MOBILE,iOS 16,fp-ff95d8f38e07,2026-03-30,2026-08-29,TRUE,FALSE,FALSE,ACTIVE,DEV-DYCTN0,AVAILABLE
DEV-91PGKB,ACC-I603D93,MOBILE,iOS 17,fp-fdfa8e7706e8,2022-12-09,2026-08-29,TRUE,FALSE,FALSE,ACTIVE,,AVAILABLE
DEV-0PIB3K,ACC-I72U6W3,MOBILE,Android 13,fp-e032f44f7080,2024-08-03,2026-08-29,TRUE,FALSE,FALSE,ACTIVE,,AVAILABLE
DEV-L6Z7VT,ACC-I72U6W3,TABLET,Android 14 (Tablet),fp-ee8ad3327435,2025-12-01,2026-08-29,TRUE,FALSE,FALSE,ACTIVE,,AVAILABLE
DEV-OJZX0M,ACC-I85FVOE,MOBILE,Android 12,fp-8ac130abbd90,2025-03-09,2026-08-29,TRUE,FALSE,FALSE,ACTIVE,,AVAILABLE
DEV-D90CLF,ACC-I9NWRI1,MOBILE,iOS 17,fp-325fba15d0c4,2023-04-27,2026-08-29,TRUE,FALSE,FALSE,ACTIVE,,AVAILABLE
DEV-7IF361,ACC-IF3G3T3,MOBILE,Android 13,fp-95111b378a1c,2022-07-11,2026-08-29,TRUE,FALSE,FALSE,ACTIVE,,AVAILABLE
DEV-73UD1D,ACC-IFI031L,MOBILE,Android 13,fp-3b0d708de7be,2026-01-19,2026-08-29,TRUE,FALSE,FALSE,ACTIVE,,AVAILABLE
DEV-QO529L,ACC-IFY7O0P,MOBILE,Android 14,fp-102285b3affa,2019-08-27,2026-08-29,TRUE,FALSE,FALSE,ACTIVE,,AVAILABLE
DEV-2JF81I,ACC-IITA5WV,MOBILE,iOS 16,fp-8ab6695363a5,2024-08-09,2026-08-29,TRUE,FALSE,FALSE,ACTIVE,,AVAILABLE
DEV-70AJHL,ACC-IRTR5JE,MOBILE,Android 12,fp-078fa79c3bac,2020-07-30,2026-08-29,TRUE,FALSE,FALSE,ACTIVE,,AVAILABLE
DEV-M9E99W,ACC-J1YE24Z,MOBILE,Android 12,fp-5fe221ab2038,2022-02-19,2026-08-29,TRUE,FALSE,FALSE,ACTIVE,,AVAILABLE
DEV-X4K64T,ACC-J4EATMM,MOBILE,Android 14,fp-f4e1e53c941d,2019-11-20,2026-08-29,TRUE,FALSE,FALSE,ACTIVE,,AVAILABLE
DEV-651IBM,ACC-J5CI6VG,MOBILE,Android 12,fp-6e7ca595fd0f,2026-06-02,2026-08-29,TRUE,FALSE,FALSE,ACTIVE,,AVAILABLE
DEV-L6NDGX,ACC-J7S9KT5,MOBILE,iOS 17,fp-4d3eb808b167,2025-07-22,2026-08-29,TRUE,FALSE,FALSE,ACTIVE,,AVAILABLE
DEV-T90R20,ACC-J7S9KT5,WEB,Windows 10 / Edge,fp-1286ea383bd9,2026-02-19,2026-08-29,TRUE,FALSE,FALSE,ACTIVE,,AVAILABLE
DEV-2XZ084,ACC-JE7AK2W,MOBILE,Android 12,fp-15c7f069ca8a,2021-11-01,2026-08-29,TRUE,FALSE,FALSE,ACTIVE,,AVAILABLE
DEV-WQ8T8J,ACC-JS2MXCB,MOBILE,iOS 16,fp-9a2ccf2ed833,2024-08-02,2026-08-29,TRUE,FALSE,FALSE,ACTIVE,,AVAILABLE
DEV-KXCN6D,ACC-JWSOYH5,MOBILE,Android 13,fp-cb6aa2ea3773,2023-02-16,2026-08-29,TRUE,FALSE,FALSE,ACTIVE,,AVAILABLE
DEV-H4391V,ACC-JXVIHM2,MOBILE,iOS 17,fp-9da6d0be4d18,2021-12-19,2026-08-29,TRUE,FALSE,FALSE,ACTIVE,,AVAILABLE
DEV-7UQTPT,ACC-K1OGI6H,MOBILE,iOS 16,fp-0665ebe87854,2026-01-11,2026-08-29,TRUE,FALSE,FALSE,ACTIVE,,AVAILABLE
DEV-7XQZ3C,ACC-K5SILU2,MOBILE,Android 13,fp-efdafd44b7f8,2020-08-13,2026-08-29,TRUE,FALSE,FALSE,ACTIVE,,AVAILABLE
DEV-L2CP4S,ACC-K8THBZ5,MOBILE,iOS 17,fp-bdddac8dea41,2020-11-01,2026-08-29,TRUE,FALSE,FALSE,ACTIVE,,AVAILABLE
DEV-FRYD1A,ACC-K9XH0HH,MOBILE,Android 13,fp-e762e0d5ff83,2022-11-15,2026-08-29,TRUE,FALSE,FALSE,ACTIVE,,AVAILABLE
DEV-UJ7F3Z,ACC-KC6Q0S7,MOBILE,Android 13,fp-1deb15dcbd0b,2025-04-20,2026-01-13,FALSE,TRUE,FALSE,RETIRED,,AVAILABLE
DEV-E3W2GH,ACC-KC6Q0S7,MOBILE,Android 12,fp-d65670113437,2025-04-24,2026-08-29,TRUE,FALSE,FALSE,ACTIVE,,AVAILABLE
DEV-CO7XBC,ACC-KC6Q0S7,MOBILE,Android 14,fp-6416fbba5aa0,2026-01-13,2026-08-29,TRUE,FALSE,FALSE,ACTIVE,DEV-UJ7F3Z,AVAILABLE
DEV-I3N1QG,ACC-KEARJ2W,MOBILE,Android 13,fp-927eb425318e,2021-02-25,2026-08-29,TRUE,FALSE,FALSE,ACTIVE,,AVAILABLE
DEV-RLGX6H,ACC-KEARJ2W,TABLET,iPadOS 17,fp-bee766a36cab,2025-09-07,2026-08-29,TRUE,FALSE,FALSE,ACTIVE,,AVAILABLE
DEV-VYZ8SQ,ACC-KGYC4OM,MOBILE,Android 12,fp-47f76e253422,2025-10-03,2026-08-29,TRUE,FALSE,FALSE,ACTIVE,,AVAILABLE
DEV-6WOH52,ACC-KO0JL6Q,MOBILE,Android 12,fp-e3134163b23c,2023-11-26,2026-08-29,TRUE,FALSE,FALSE,ACTIVE,,AVAILABLE
DEV-A1T9KA,ACC-KQO4XSD,MOBILE,Android 13,fp-d684ae9114b9,2024-05-25,2026-08-29,TRUE,FALSE,FALSE,ACTIVE,,AVAILABLE
DEV-OWL13Y,ACC-KRF7YIN,MOBILE,iOS 17,fp-f733857600f5,2022-08-11,2026-08-29,TRUE,FALSE,FALSE,ACTIVE,,AVAILABLE
DEV-43EDUA,ACC-KRJ1925,MOBILE,iOS 17,fp-e261c775fec1,2021-05-20,2026-08-29,TRUE,FALSE,FALSE,ACTIVE,,AVAILABLE
DEV-DCBBW7,ACC-KRJ1925,WEB,macOS / Safari,fp-95ed35c56c75,2025-09-11,2026-08-29,TRUE,FALSE,FALSE,ACTIVE,,AVAILABLE
DEV-23LD2L,ACC-L3UHWZI,MOBILE,Android 12,fp-3a6035166eb1,2019-11-07,2026-08-29,TRUE,FALSE,FALSE,ACTIVE,,AVAILABLE
DEV-GK2O0F,ACC-L6HYC1R,MOBILE,Android 14,fp-7f3b0d8a11ee,2025-09-04,2026-08-29,TRUE,FALSE,FALSE,ACTIVE,,AVAILABLE
DEV-4TKCO2,ACC-L9CYMTY,MOBILE,iOS 16,fp-66cdd27c1438,2023-06-30,2026-08-29,TRUE,FALSE,FALSE,ACTIVE,,AVAILABLE
DEV-7MP8B8,ACC-LAOQTR1,MOBILE,iOS 17,fp-afb70e58201f,2026-01-27,2026-08-29,TRUE,FALSE,FALSE,ACTIVE,,AVAILABLE
DEV-UXR8V2,ACC-LCP2277,MOBILE,iOS 17,fp-5dbf11bd4996,2023-05-24,2026-08-29,TRUE,FALSE,FALSE,ACTIVE,,AVAILABLE
DEV-UF6KGC,ACC-LCP2277,MOBILE,Android 14,fp-93d0c9a97ed2,2026-08-05,2026-08-29,TRUE,FALSE,FALSE,ACTIVE,,AVAILABLE
DEV-Y4WOVP,ACC-LUJBU00,MOBILE,iOS 16,fp-c200dcf79da2,2023-03-05,2026-08-29,TRUE,FALSE,FALSE,ACTIVE,,AVAILABLE
DEV-QF1NJ4,ACC-M5VWIPG,MOBILE,Android 14,fp-6017ad867e6e,2024-06-06,2026-08-29,TRUE,FALSE,FALSE,ACTIVE,,AVAILABLE
DEV-FO2R8S,ACC-M639BCP,MOBILE,Android 12,fp-ac5d832f93fa,2022-03-04,2026-08-29,TRUE,FALSE,FALSE,ACTIVE,,AVAILABLE
DEV-G7XBIT,ACC-M8PYQDR,MOBILE,Android 14,fp-189a115b4883,2023-03-06,2026-01-21,FALSE,TRUE,FALSE,RETIRED,,UNKNOWN
DEV-1RHBOW,ACC-M8PYQDR,MOBILE,Android 13,fp-e78fcf3cb84e,2023-03-16,2026-08-29,TRUE,FALSE,FALSE,ACTIVE,,AVAILABLE
DEV-87ZFR8,ACC-M8PYQDR,TABLET,iPadOS 17,fp-aeb51b2e515d,2025-10-09,2026-08-29,TRUE,FALSE,FALSE,ACTIVE,,AVAILABLE
DEV-ZEAJN5,ACC-M8PYQDR,MOBILE,Android 13,fp-dfb2daac76cf,2026-01-21,2026-08-29,TRUE,FALSE,FALSE,ACTIVE,DEV-G7XBIT,AVAILABLE
DEV-5Z05D5,ACC-M8YXU1P,MOBILE,iOS 17,fp-a904a089133b,2024-09-28,2026-08-29,TRUE,FALSE,FALSE,ACTIVE,,AVAILABLE
DEV-3VC8C6,ACC-MA5BXNS,MOBILE,iOS 16,fp-ed4b49dab41e,2020-08-04,2026-08-29,TRUE,FALSE,FALSE,ACTIVE,,AVAILABLE
DEV-C58EWN,ACC-MC67OKC,MOBILE,Android 13,fp-f8a2248fd4f5,2019-11-25,2026-08-29,TRUE,FALSE,FALSE,ACTIVE,,AVAILABLE
DEV-7NPUH7,ACC-MJ76CI5,MOBILE,Android 12,fp-4f4c0eccbf9c,2023-06-12,2026-08-29,TRUE,FALSE,FALSE,ACTIVE,,AVAILABLE
DEV-0KK7TJ,ACC-MPR9TOT,MOBILE,iOS 17,fp-1fd7e3317750,2019-09-08,2026-03-20,FALSE,TRUE,FALSE,RETIRED,,AVAILABLE
DEV-4231N8,ACC-MPR9TOT,MOBILE,iOS 17,fp-f4d4d1bd2834,2019-09-15,2026-08-29,TRUE,FALSE,FALSE,ACTIVE,,AVAILABLE
DEV-56RH3F,ACC-MPR9TOT,MOBILE,Android 13,fp-49a23f772de8,2026-03-20,2026-08-29,TRUE,FALSE,FALSE,ACTIVE,DEV-0KK7TJ,AVAILABLE
DEV-RDIJ8O,ACC-MTU16BT,MOBILE,Android 14,fp-a61a3e88b66f,2023-08-26,2026-08-29,TRUE,FALSE,FALSE,ACTIVE,,AVAILABLE
DEV-W3QQAZ,ACC-MU6FGK8,MOBILE,Android 14,fp-4dd30a7f4842,2025-04-28,2026-08-29,TRUE,FALSE,FALSE,ACTIVE,,AVAILABLE
DEV-HX8NUH,ACC-N4YTUKC,MOBILE,Android 14,fp-90a1fdaf4d6d,2024-11-19,2026-08-29,TRUE,FALSE,FALSE,ACTIVE,,AVAILABLE
DEV-N3KC3P,ACC-NAZNT6C,MOBILE,Android 13,fp-3fb68f49c106,2026-01-29,2026-08-29,TRUE,FALSE,FALSE,ACTIVE,,AVAILABLE
DEV-UDL49S,ACC-NHLLA92,MOBILE,iOS 16,fp-bd371df77e1a,2021-05-22,2026-08-29,TRUE,FALSE,FALSE,ACTIVE,,AVAILABLE
DEV-DIZ4ZQ,ACC-NLC0QYP,MOBILE,Android 14,fp-2345ba1e3759,2021-09-22,2026-08-29,TRUE,FALSE,FALSE,ACTIVE,,AVAILABLE
DEV-DA9H6E,ACC-NWET6T1,MOBILE,iOS 17,fp-36f176c24a9c,2024-02-20,2026-08-29,TRUE,FALSE,FALSE,ACTIVE,,AVAILABLE
DEV-M2YF9I,ACC-O0V3Z0G,MOBILE,iOS 17,fp-60ff0252525c,2025-07-14,2026-08-29,TRUE,FALSE,FALSE,ACTIVE,,AVAILABLE
DEV-D53YWQ,ACC-O1SZJIV,MOBILE,Android 13,fp-75b4b0d82f4e,2024-09-06,2026-08-29,TRUE,FALSE,FALSE,ACTIVE,,AVAILABLE
DEV-N9Y6KI,ACC-O2WB0DZ,MOBILE,iOS 16,fp-e57ad3296d39,2024-10-02,2026-08-29,TRUE,FALSE,FALSE,ACTIVE,,AVAILABLE
DEV-BN275W,ACC-O3V94X2,MOBILE,Android 12,fp-136999bbdbc1,2024-12-05,2026-08-29,TRUE,FALSE,FALSE,ACTIVE,,AVAILABLE
DEV-L1NG0Z,ACC-OH9O5QV,MOBILE,Android 13,fp-724e14b4c37b,2024-11-18,2026-08-29,TRUE,FALSE,FALSE,ACTIVE,,AVAILABLE
DEV-8QDUBY,ACC-OJW5BP1,MOBILE,Android 14,fp-1ac38675cb65,2023-01-07,2026-03-19,FALSE,TRUE,FALSE,RETIRED,,AVAILABLE
DEV-0OFFWF,ACC-OJW5BP1,MOBILE,Android 13,fp-16364ad22b55,2023-01-17,2026-08-29,TRUE,FALSE,FALSE,ACTIVE,,AVAILABLE
DEV-7R5BI4,ACC-OJW5BP1,MOBILE,Android 14,fp-1c23f37a4c89,2026-03-19,2026-08-29,TRUE,FALSE,FALSE,ACTIVE,DEV-8QDUBY,AVAILABLE
DEV-62K899,ACC-OJW5BP1,WEB,Windows 11 / Chrome,fp-01db6d844ad0,2026-03-20,2026-08-29,TRUE,FALSE,FALSE,ACTIVE,,AVAILABLE
DEV-ATYR8W,ACC-OK8NHVI,MOBILE,Android 14,fp-84d21f59bd9c,2020-05-03,2026-08-29,TRUE,FALSE,FALSE,ACTIVE,,AVAILABLE
DEV-2NEE5I,ACC-OK8NHVI,TABLET,Android 14 (Tablet),fp-72dee3b0881e,2026-01-06,2026-08-29,TRUE,FALSE,FALSE,ACTIVE,,AVAILABLE
DEV-S5QLES,ACC-ONMRS5Y,MOBILE,Android 14,fp-a68ab7137621,2025-08-31,2026-08-29,TRUE,FALSE,FALSE,ACTIVE,DEV-6GGEUV,AVAILABLE
DEV-6GGEUV,ACC-ONMRS5Y,MOBILE,iOS 16,fp-bbe31a4cae1e,2025-10-17,2025-08-31,FALSE,TRUE,FALSE,RETIRED,,AVAILABLE
DEV-0S9R89,ACC-ONMRS5Y,MOBILE,iOS 16,fp-9ed690f9c367,2025-10-26,2026-08-29,TRUE,FALSE,FALSE,ACTIVE,,AVAILABLE
DEV-8V2902,ACC-P39JYM6,MOBILE,Android 13,fp-4caf52435fb5,2025-11-23,2026-04-06,FALSE,TRUE,FALSE,RETIRED,,AVAILABLE
DEV-RNC4KG,ACC-P39JYM6,MOBILE,Android 12,fp-ee2d3cae57d7,2025-12-07,2026-08-29,TRUE,FALSE,FALSE,ACTIVE,,AVAILABLE
DEV-QEZB7S,ACC-P39JYM6,MOBILE,Android 13,fp-bab6e7186ed6,2026-04-06,2026-08-29,TRUE,FALSE,FALSE,ACTIVE,DEV-8V2902,AVAILABLE
DEV-VN82SV,ACC-PCZ2O8N,MOBILE,iOS 16,fp-e0eeb76423ae,2020-04-26,2026-08-29,TRUE,FALSE,FALSE,ACTIVE,,AVAILABLE
DEV-DMNC8N,ACC-PCZ2O8N,TABLET,iPadOS 17,fp-36a4f2bcd723,2026-02-10,2026-08-29,TRUE,FALSE,FALSE,ACTIVE,,AVAILABLE
DEV-8683VM,ACC-PL13YLG,MOBILE,iOS 17,fp-8051d887e795,2020-08-18,2026-08-29,TRUE,FALSE,FALSE,ACTIVE,,AVAILABLE
DEV-GGA0HE,ACC-PNEE5DN,MOBILE,Android 12,fp-b989a2a56ae6,2020-03-27,2026-08-29,TRUE,FALSE,FALSE,ACTIVE,,AVAILABLE
DEV-0SBD3J,ACC-PNEE5DN,TABLET,Android 14 (Tablet),fp-f23aab3da4fa,2025-09-29,2026-08-29,TRUE,FALSE,FALSE,ACTIVE,,AVAILABLE
DEV-I19UB4,ACC-PQ9YTXH,MOBILE,iOS 17,fp-7cfb7f32d1e6,2022-10-17,2026-08-29,TRUE,FALSE,FALSE,ACTIVE,,AVAILABLE
DEV-BWQU9P,ACC-PR8DOYW,MOBILE,iOS 16,fp-8af1ab5ef929,2023-07-21,2026-08-29,TRUE,FALSE,FALSE,ACTIVE,,AVAILABLE
DEV-5IYDOB,ACC-Q02GKFS,MOBILE,Android 12,fp-436b161ef39e,2025-08-26,2026-08-29,TRUE,FALSE,FALSE,ACTIVE,,AVAILABLE
DEV-WD0ROF,ACC-Q02GKFS,TABLET,iPadOS 17,fp-8c1f4a26cf53,2025-09-11,2026-08-29,TRUE,FALSE,FALSE,ACTIVE,,AVAILABLE
DEV-7NX32P,ACC-Q2NS5MH,MOBILE,Android 12,fp-e6825e179bf6,2020-01-02,2026-08-29,TRUE,FALSE,FALSE,ACTIVE,,AVAILABLE
DEV-2O92OM,ACC-Q2NS5MH,WEB,macOS / Safari,fp-2e40b18cbe8c,2026-05-09,2026-08-29,TRUE,FALSE,FALSE,ACTIVE,,AVAILABLE
DEV-W6SA2L,ACC-Q5XVTHG,MOBILE,Android 13,fp-62f3b736bb90,2023-10-20,2026-08-29,TRUE,FALSE,FALSE,ACTIVE,,AVAILABLE
DEV-SGV1PK,ACC-Q6EW09U,MOBILE,iOS 17,fp-a15ec56dd2c9,2022-08-13,2026-08-29,TRUE,FALSE,FALSE,ACTIVE,,AVAILABLE
DEV-OEQ8MB,ACC-Q6WHDH2,MOBILE,iOS 17,fp-4340dcc9d484,2019-09-10,2025-10-31,FALSE,TRUE,FALSE,RETIRED,,UNKNOWN
DEV-Z6MYI3,ACC-Q6WHDH2,MOBILE,Android 13,fp-f357dcecd567,2019-09-12,2026-08-29,TRUE,FALSE,FALSE,ACTIVE,,AVAILABLE
DEV-KPARZ3,ACC-Q6WHDH2,MOBILE,Android 13,fp-3f2de2e94a28,2025-10-31,2026-08-29,TRUE,FALSE,FALSE,ACTIVE,DEV-OEQ8MB,AVAILABLE
DEV-LBGKH3,ACC-QBCV0QM,MOBILE,iOS 17,fp-e42c71acec08,2019-11-02,2026-08-29,TRUE,FALSE,FALSE,ACTIVE,,AVAILABLE
DEV-P0PU37,ACC-QEG9DDV,MOBILE,Android 14,fp-43d46fe7f042,2022-01-04,2026-08-29,TRUE,FALSE,FALSE,ACTIVE,,AVAILABLE
DEV-TS6IP1,ACC-QF5WXW7,MOBILE,iOS 17,fp-af9f398967d1,2023-10-27,2026-08-29,TRUE,FALSE,FALSE,ACTIVE,,AVAILABLE
DEV-FPBXU7,ACC-QFHG8KS,MOBILE,Android 14,fp-d409afa27338,2022-07-02,2026-08-29,TRUE,FALSE,FALSE,ACTIVE,,AVAILABLE
DEV-8KA71L,ACC-QG18BAZ,MOBILE,iOS 16,fp-f4b7f43119d3,2022-02-14,2026-08-29,TRUE,FALSE,FALSE,ACTIVE,,AVAILABLE
DEV-7K1YU2,ACC-QHDK3Z4,MOBILE,Android 12,fp-909f1b816448,2021-04-08,2026-08-29,TRUE,FALSE,FALSE,ACTIVE,,AVAILABLE
DEV-8JB8AE,ACC-QPR4VXL,MOBILE,iOS 17,fp-99858934f39f,2019-09-28,2026-08-29,TRUE,FALSE,FALSE,ACTIVE,,AVAILABLE
DEV-KB33MR,ACC-QPR4VXL,WEB,Windows 11 / Chrome,fp-fa60d34a3b6a,2025-12-31,2026-08-29,TRUE,FALSE,FALSE,ACTIVE,,AVAILABLE
DEV-KU9XKA,ACC-QT68YT0,MOBILE,iOS 16,fp-8ba6419dce04,2022-12-02,2026-08-29,TRUE,FALSE,FALSE,ACTIVE,,AVAILABLE
DEV-O9AYC6,ACC-QZ3PM7V,MOBILE,Android 13,fp-f2657feb6327,2024-12-31,2026-08-29,TRUE,FALSE,FALSE,ACTIVE,,AVAILABLE
DEV-O6BDN7,ACC-QZ3PM7V,TABLET,Android 14 (Tablet),fp-bdc25ea09ae4,2026-04-29,2026-08-29,TRUE,FALSE,FALSE,ACTIVE,,AVAILABLE
DEV-S2DFZ8,ACC-R1UQKER,MOBILE,Android 14,fp-e713a94c147f,2024-07-06,2026-08-29,TRUE,FALSE,FALSE,ACTIVE,,AVAILABLE
DEV-UJJE6L,ACC-R37F7FP,MOBILE,iOS 17,fp-dd88fb0fd733,2020-05-30,2026-08-29,TRUE,FALSE,FALSE,ACTIVE,,AVAILABLE
DEV-6873WR,ACC-R7CETEN,MOBILE,iOS 16,fp-04611e9ec0aa,2019-10-09,2026-08-29,TRUE,FALSE,FALSE,ACTIVE,,AVAILABLE
DEV-U87Y8S,ACC-R9KE7J2,MOBILE,Android 13,fp-428ea33d1b40,2025-12-15,2026-08-29,TRUE,FALSE,FALSE,ACTIVE,,AVAILABLE
DEV-TK54UY,ACC-R9RIGPP,MOBILE,Android 14,fp-fa91d48d78b9,2025-01-04,2026-08-29,TRUE,FALSE,FALSE,ACTIVE,,AVAILABLE
DEV-9CFO6C,ACC-RDEZX6K,MOBILE,iOS 17,fp-40d6af487981,2019-10-07,2026-08-29,TRUE,FALSE,FALSE,ACTIVE,,AVAILABLE
DEV-R32YZ4,ACC-RIH330K,MOBILE,Android 13,fp-58681eb9b3b4,2020-08-30,2026-08-29,TRUE,FALSE,FALSE,ACTIVE,,AVAILABLE
DEV-293BGO,ACC-RMJ1BMF,MOBILE,iOS 16,fp-b529edff42a5,2025-06-06,2026-08-29,TRUE,FALSE,FALSE,ACTIVE,,AVAILABLE
DEV-GPRT2Y,ACC-RNKK5FI,MOBILE,Android 12,fp-1e14a23c9bf1,2021-12-18,2026-08-29,TRUE,FALSE,FALSE,ACTIVE,,AVAILABLE
DEV-D2SPRU,ACC-RYI0M7P,MOBILE,iOS 16,fp-36d5220b9cf1,2022-07-12,2026-08-29,TRUE,FALSE,FALSE,ACTIVE,,AVAILABLE
DEV-MVTS76,ACC-S1UQ7WI,MOBILE,iOS 16,fp-2b2072c89c68,2025-11-18,2026-08-29,TRUE,FALSE,FALSE,ACTIVE,,AVAILABLE
DEV-3JY7BX,ACC-SCH53XD,MOBILE,Android 14,fp-bfe4f3ef8867,2022-02-19,2026-08-29,TRUE,FALSE,FALSE,ACTIVE,,AVAILABLE
DEV-Q0G1EC,ACC-SF4HTZ4,MOBILE,Android 14,fp-46f6185d97c9,2021-02-15,2026-08-29,TRUE,FALSE,FALSE,ACTIVE,,AVAILABLE
DEV-JP9T4J,ACC-SF4HTZ4,WEB,macOS / Safari,fp-d0bccd951b42,2026-03-21,2026-08-29,TRUE,FALSE,FALSE,ACTIVE,,AVAILABLE
DEV-0QSJ6M,ACC-SKC95N4,MOBILE,Android 12,fp-df6326de64fc,2025-04-25,2026-08-29,TRUE,FALSE,FALSE,ACTIVE,,AVAILABLE
DEV-F1OIO3,ACC-SO76KJG,MOBILE,iOS 16,fp-1167c42fceb7,2023-04-21,2026-08-29,TRUE,FALSE,FALSE,ACTIVE,,AVAILABLE
DEV-02T83P,ACC-SO76KJG,WEB,Windows 10 / Edge,fp-ae7120304357,2026-05-27,2026-08-29,TRUE,FALSE,FALSE,ACTIVE,,AVAILABLE
DEV-B3LES5,ACC-SP7RU86,MOBILE,Android 14,fp-5219c00d4e31,2023-07-27,2026-08-29,TRUE,FALSE,FALSE,ACTIVE,,AVAILABLE
DEV-RP08KK,ACC-SPTHDP0,MOBILE,Android 12,fp-66d2ae3f6016,2024-12-05,2026-08-29,TRUE,FALSE,FALSE,ACTIVE,,AVAILABLE
DEV-TQFU9Z,ACC-SPTHDP0,TABLET,Android 14 (Tablet),fp-94ea6637042a,2025-12-19,2026-08-29,TRUE,FALSE,FALSE,ACTIVE,,AVAILABLE
DEV-QI0V13,ACC-SRI2AOF,MOBILE,iOS 16,fp-fe87347788b4,2020-12-17,2026-08-29,TRUE,FALSE,FALSE,ACTIVE,,AVAILABLE
DEV-R1VHNN,ACC-SRQT0PA,MOBILE,Android 12,fp-4c61316b9b4d,2019-09-13,2025-11-23,FALSE,TRUE,FALSE,RETIRED,,AVAILABLE
DEV-AQ4Y4D,ACC-SRQT0PA,MOBILE,Android 14,fp-d96e74b90db4,2019-09-22,2026-08-29,TRUE,FALSE,FALSE,ACTIVE,,AVAILABLE
DEV-ZASB43,ACC-SRQT0PA,MOBILE,Android 12,fp-4801fe19a78e,2025-11-23,2026-08-29,TRUE,FALSE,FALSE,ACTIVE,DEV-R1VHNN,AVAILABLE
DEV-26K23I,ACC-SS3EOQM,MOBILE,iOS 17,fp-641b58f7bf5e,2026-07-10,2026-08-29,TRUE,FALSE,FALSE,ACTIVE,,AVAILABLE
DEV-4EL8FW,ACC-SSG5XRZ,MOBILE,Android 13,fp-9c5f58510e5c,2019-10-19,2026-08-29,TRUE,FALSE,FALSE,ACTIVE,,AVAILABLE
DEV-R0MYGW,ACC-SY0X4KN,MOBILE,Android 12,fp-0799d25f374d,2021-06-22,2026-08-29,TRUE,FALSE,FALSE,ACTIVE,,AVAILABLE
DEV-4XPTD7,ACC-T1EGD9D,MOBILE,Android 14,fp-eec8ed8141f6,2020-12-05,2026-08-29,TRUE,FALSE,FALSE,ACTIVE,,AVAILABLE
DEV-Y1UV1N,ACC-T4M8JCI,MOBILE,Android 14,fp-9ad05b27be5b,2021-04-04,2026-08-29,TRUE,FALSE,FALSE,ACTIVE,,AVAILABLE
DEV-Y5Q4EC,ACC-TKMP1LP,MOBILE,Android 12,fp-f522fb1b7841,2024-04-11,2026-08-29,TRUE,FALSE,FALSE,ACTIVE,,AVAILABLE
DEV-GF5BRZ,ACC-TKMP1LP,TABLET,iPadOS 17,fp-29c25dbcfc79,2025-08-22,2026-08-29,TRUE,FALSE,FALSE,ACTIVE,,AVAILABLE
DEV-0IQTGH,ACC-TKMW044,MOBILE,Android 13,fp-61c2bd5b3f3c,2024-07-19,2026-08-29,TRUE,FALSE,FALSE,ACTIVE,,AVAILABLE
DEV-PU2IAH,ACC-TM9MCPR,MOBILE,Android 12,fp-6a0fba19c527,2022-12-13,2025-10-21,FALSE,TRUE,FALSE,RETIRED,,AVAILABLE
DEV-D1MRBC,ACC-TM9MCPR,MOBILE,Android 14,fp-dc1b07035844,2022-12-21,2026-08-29,TRUE,FALSE,FALSE,ACTIVE,,AVAILABLE
DEV-6V0A7P,ACC-TM9MCPR,MOBILE,Android 14,fp-3552e9f884bc,2025-10-21,2026-08-29,TRUE,FALSE,FALSE,ACTIVE,DEV-PU2IAH,AVAILABLE
DEV-J17QD6,ACC-TR5GOIT,MOBILE,iOS 17,fp-a9c21a3259ab,2020-05-08,2026-08-29,TRUE,FALSE,FALSE,ACTIVE,,AVAILABLE
DEV-4KDAGA,ACC-TT2SLHI,MOBILE,iOS 17,fp-659489266dae,2023-07-01,2026-08-29,TRUE,FALSE,FALSE,ACTIVE,,AVAILABLE
DEV-PQO7TC,ACC-TUIK15U,WEB,Windows 11 / Chrome,fp-b5c813ec9cdf,2025-08-08,2026-08-29,TRUE,FALSE,FALSE,ACTIVE,,AVAILABLE
DEV-ZJ2N98,ACC-TUIK15U,MOBILE,iOS 16,fp-92a54b307016,2026-02-08,2026-08-29,TRUE,FALSE,FALSE,ACTIVE,,AVAILABLE
DEV-KK8EXB,ACC-U00JTYL,MOBILE,iOS 17,fp-bffa03e571f0,2021-06-15,2026-08-29,TRUE,FALSE,FALSE,ACTIVE,,AVAILABLE
DEV-QRH9F0,ACC-U00JTYL,TABLET,Android 14 (Tablet),fp-493d534ba38c,2025-11-12,2026-08-29,TRUE,FALSE,FALSE,ACTIVE,,AVAILABLE
DEV-CSY023,ACC-U652FYS,MOBILE,iOS 16,fp-ce31ea55d66b,2023-07-27,2026-08-29,TRUE,FALSE,FALSE,ACTIVE,,AVAILABLE
DEV-8IM9T1,ACC-U9NMNSW,MOBILE,iOS 16,fp-f9e9c81fb244,2019-10-06,2026-08-29,TRUE,FALSE,FALSE,ACTIVE,,AVAILABLE
DEV-LCH5Z9,ACC-UM4ULZU,MOBILE,Android 14,fp-0e34e1923623,2023-11-17,2026-08-29,TRUE,FALSE,FALSE,ACTIVE,,AVAILABLE
DEV-L57379,ACC-USMF0XL,MOBILE,iOS 16,fp-bbdaa5e452b1,2023-03-24,2026-08-29,TRUE,FALSE,FALSE,ACTIVE,,AVAILABLE
DEV-598OO5,ACC-UUMK563,MOBILE,Android 14,fp-505b6a7da905,2023-10-01,2026-08-29,TRUE,FALSE,FALSE,ACTIVE,,AVAILABLE
DEV-NI3I5M,ACC-UX7454R,MOBILE,Android 13,fp-91317ed6c8d9,2021-05-23,2026-08-29,TRUE,FALSE,FALSE,ACTIVE,,AVAILABLE
DEV-2LSFX0,ACC-UXI7OGZ,MOBILE,Android 12,fp-86fe099305cc,2024-06-21,2026-08-29,TRUE,FALSE,FALSE,ACTIVE,,AVAILABLE
DEV-QR26QU,ACC-VGKP7L9,MOBILE,Android 14,fp-e2e2d9d0def5,2021-09-05,2025-06-10,FALSE,TRUE,FALSE,RETIRED,,AVAILABLE
DEV-54MEQC,ACC-VGKP7L9,MOBILE,Android 14,fp-24cddf87b11b,2021-09-22,2026-08-29,TRUE,FALSE,FALSE,ACTIVE,,AVAILABLE
DEV-AU36TZ,ACC-VGKP7L9,MOBILE,Android 13,fp-64023c472c30,2025-06-10,2026-08-29,TRUE,FALSE,FALSE,ACTIVE,DEV-QR26QU,AVAILABLE
DEV-QACSB2,ACC-VK82WU9,MOBILE,iOS 16,fp-52ceb4cb5816,2023-04-14,2026-08-29,TRUE,FALSE,FALSE,ACTIVE,,AVAILABLE
DEV-15KHJ2,ACC-VKE6H76,MOBILE,Android 13,fp-a4c2f3df1d7f,2024-06-24,2026-08-29,TRUE,FALSE,FALSE,ACTIVE,,AVAILABLE
DEV-1Q8UQ3,ACC-VKE6H76,WEB,Windows 11 / Chrome,fp-774a2d682701,2026-05-28,2026-08-29,TRUE,FALSE,FALSE,ACTIVE,,AVAILABLE
DEV-ZTSM3A,ACC-VKE6H76,WEB,macOS / Safari,fp-766a3d1c3635,2026-08-26,2026-08-26,FALSE,FALSE,TRUE,ACTIVE,,UNKNOWN
DEV-XV9RZU,ACC-VQ2RPUV,MOBILE,iOS 16,fp-471ecb4e5420,2021-07-10,2026-08-29,TRUE,FALSE,FALSE,ACTIVE,,AVAILABLE
DEV-9JKT27,ACC-VQTRMI8,MOBILE,iOS 16,fp-5b39626084da,2020-05-01,2026-01-23,FALSE,TRUE,FALSE,RETIRED,,UNKNOWN
DEV-MNAD9Q,ACC-VQTRMI8,MOBILE,iOS 17,fp-438db2b241ca,2020-05-04,2026-08-29,TRUE,FALSE,FALSE,ACTIVE,,AVAILABLE
DEV-YBPT4H,ACC-VQTRMI8,MOBILE,Android 14,fp-c210f4664d5b,2026-01-23,2026-08-29,TRUE,FALSE,FALSE,ACTIVE,DEV-9JKT27,AVAILABLE
DEV-6NRQOE,ACC-VTEGB41,MOBILE,Android 12,fp-891d0d75fac9,2020-04-26,2026-08-29,TRUE,FALSE,FALSE,ACTIVE,,AVAILABLE
DEV-MDW8NB,ACC-VYP1NJG,MOBILE,iOS 16,fp-ec804dce45b0,2021-12-06,2026-08-29,TRUE,FALSE,FALSE,ACTIVE,,AVAILABLE
DEV-UTNDF5,ACC-W042LPI,MOBILE,Android 14,fp-d03777b26daa,2024-07-15,2026-08-29,TRUE,FALSE,FALSE,ACTIVE,,AVAILABLE
DEV-PSRI4J,ACC-W14TOBD,MOBILE,Android 13,fp-8934563239b8,2024-09-21,2026-08-29,TRUE,FALSE,FALSE,ACTIVE,,AVAILABLE
DEV-ANGJ8L,ACC-W77QKXI,MOBILE,Android 12,fp-bbfacf8897e7,2025-04-07,2026-08-29,TRUE,FALSE,FALSE,ACTIVE,,AVAILABLE
DEV-UI4ZU9,ACC-W81XE6V,MOBILE,iOS 17,fp-994045848c62,2025-11-06,2026-08-29,TRUE,FALSE,FALSE,ACTIVE,,AVAILABLE
DEV-9QMGV2,ACC-WHV3F3F,MOBILE,iOS 16,fp-9db4cdb518bb,2024-09-06,2026-08-29,TRUE,FALSE,FALSE,ACTIVE,,AVAILABLE
DEV-FRRC8T,ACC-WUKFV2A,MOBILE,Android 12,fp-d69821706c3c,2022-03-13,2026-08-29,TRUE,FALSE,FALSE,ACTIVE,,AVAILABLE
DEV-IJ63WD,ACC-X1Z2YVL,MOBILE,iOS 17,fp-b7449b14aecb,2024-02-16,2026-08-29,TRUE,FALSE,FALSE,ACTIVE,,AVAILABLE
DEV-QK10D7,ACC-X35UAF3,MOBILE,Android 13,fp-e4dd55a4542d,2022-07-17,2026-08-29,TRUE,FALSE,FALSE,ACTIVE,,AVAILABLE
DEV-0FDOWR,ACC-X8ADQCH,MOBILE,Android 13,fp-09d74bf3d323,2024-09-28,2026-01-08,FALSE,TRUE,FALSE,RETIRED,,AVAILABLE
DEV-8QWT6B,ACC-X8ADQCH,MOBILE,iOS 17,fp-9355223fc38c,2024-10-06,2026-08-29,TRUE,FALSE,FALSE,ACTIVE,,AVAILABLE
DEV-3FEYFJ,ACC-X8ADQCH,MOBILE,Android 13,fp-54a817ca5a9b,2026-01-08,2026-08-29,TRUE,FALSE,FALSE,ACTIVE,DEV-0FDOWR,AVAILABLE
DEV-MP3OM2,ACC-XANBX94,MOBILE,Android 13,fp-ba19b66038fe,2024-11-05,2026-08-29,TRUE,FALSE,FALSE,ACTIVE,,AVAILABLE
DEV-ZZ6S4Q,ACC-XGJ1QQ8,MOBILE,Android 14,fp-45ba5081e90a,2021-12-31,2026-08-29,TRUE,FALSE,FALSE,ACTIVE,,AVAILABLE
DEV-4C2UNQ,ACC-XHO0VH4,MOBILE,iOS 17,fp-308afdacc0fa,2024-05-02,2026-08-29,TRUE,FALSE,FALSE,ACTIVE,,AVAILABLE
DEV-8JAWTM,ACC-XI27VLT,MOBILE,Android 13,fp-0c1d536fe9ad,2025-09-10,2026-08-29,TRUE,FALSE,FALSE,ACTIVE,,AVAILABLE
DEV-USAEK6,ACC-XMSTP3X,MOBILE,iOS 17,fp-cf232e660ad4,2022-04-15,2026-08-29,TRUE,FALSE,FALSE,ACTIVE,,AVAILABLE
DEV-G9YBRD,ACC-XMSTP3X,WEB,Windows 10 / Edge,fp-d682b0360bc1,2025-12-15,2026-08-29,TRUE,FALSE,FALSE,ACTIVE,,AVAILABLE
DEV-K10EG1,ACC-XQ6ARCR,MOBILE,iOS 17,fp-a6d371d25045,2021-01-23,2026-08-29,TRUE,FALSE,FALSE,ACTIVE,,AVAILABLE
DEV-HEJ5KW,ACC-XQS3H4D,MOBILE,Android 13,fp-c7e76a9034c6,2024-06-15,2026-08-29,TRUE,FALSE,FALSE,ACTIVE,,AVAILABLE
DEV-0DFUHV,ACC-XSK28T7,MOBILE,Android 14,fp-5b8ea1e91f3e,2026-06-17,2026-08-29,TRUE,FALSE,FALSE,ACTIVE,,AVAILABLE
DEV-80L690,ACC-XU0COJB,MOBILE,Android 13,fp-31edd7612c22,2023-05-22,2026-08-29,TRUE,FALSE,FALSE,ACTIVE,,AVAILABLE
DEV-Y4AEF6,ACC-XXV6AZE,MOBILE,Android 13,fp-6eb869ebbfee,2021-11-05,2026-08-29,TRUE,FALSE,FALSE,ACTIVE,,AVAILABLE
DEV-81QYTF,ACC-Y1WIZ9P,MOBILE,iOS 17,fp-c13e88e2de26,2020-05-28,2026-08-29,TRUE,FALSE,FALSE,ACTIVE,,AVAILABLE
DEV-G4Q94U,ACC-YRJVZA6,MOBILE,Android 14,fp-b0ef4cd63ccc,2024-10-18,2026-08-29,TRUE,FALSE,FALSE,ACTIVE,,AVAILABLE
DEV-UJH5NM,ACC-YRJVZA6,TABLET,Android 14 (Tablet),fp-9a5b258dab99,2026-05-15,2026-08-29,TRUE,FALSE,FALSE,ACTIVE,,AVAILABLE
DEV-7YPWJW,ACC-YSN7NG9,MOBILE,iOS 16,fp-14b1562e279e,2020-07-10,2025-11-18,FALSE,TRUE,FALSE,RETIRED,,AVAILABLE
DEV-SZ6CZY,ACC-YSN7NG9,MOBILE,Android 12,fp-adfb375ff82a,2020-07-30,2026-08-29,TRUE,FALSE,FALSE,ACTIVE,,AVAILABLE
DEV-02TARU,ACC-YSN7NG9,MOBILE,Android 13,fp-94d1146b0beb,2025-11-18,2026-08-29,TRUE,FALSE,FALSE,ACTIVE,DEV-7YPWJW,AVAILABLE
DEV-YL6VD1,ACC-YTFDRY5,MOBILE,Android 12,fp-7eb474d00a8e,2020-02-28,2026-08-29,TRUE,FALSE,FALSE,ACTIVE,,AVAILABLE
DEV-62JJ3P,ACC-YTFDRY5,WEB,Windows 11 / Chrome,fp-e3b807fe6509,2025-09-14,2026-08-29,TRUE,FALSE,FALSE,ACTIVE,,AVAILABLE
DEV-K54NSU,ACC-YYUG5GN,MOBILE,Android 12,fp-2bef902f5806,2025-04-10,2026-08-29,TRUE,FALSE,FALSE,ACTIVE,,AVAILABLE
DEV-86SSBX,ACC-Z565OD7,MOBILE,Android 13,fp-0f3d403a4b8c,2020-08-08,2026-08-29,TRUE,FALSE,FALSE,ACTIVE,,AVAILABLE
DEV-9TXLP8,ACC-Z9UR73A,MOBILE,iOS 16,fp-16efefbfb92d,2022-12-02,2026-08-29,TRUE,FALSE,FALSE,ACTIVE,,AVAILABLE
DEV-2RWME8,ACC-ZAQ8H3X,MOBILE,Android 13,fp-579ed299877e,2024-03-20,2026-08-29,TRUE,FALSE,FALSE,ACTIVE,,AVAILABLE
DEV-7ECSGW,ACC-ZAQ8H3X,MOBILE,Android 14,fp-a27f8ddbc299,2026-08-21,2026-08-21,FALSE,TRUE,FALSE,ACTIVE,DEV-2RWME8,AVAILABLE
DEV-0ENFMI,ACC-ZC87CVB,MOBILE,iOS 17,fp-36dbc5ceb302,2019-11-25,2026-08-29,TRUE,FALSE,FALSE,ACTIVE,,AVAILABLE
DEV-KSBV3D,ACC-ZJ2O1XJ,MOBILE,iOS 16,fp-790b01fd74a6,2024-02-14,2026-08-29,TRUE,FALSE,FALSE,ACTIVE,,AVAILABLE
DEV-5Y6A4G,ACC-ZO2X4GT,MOBILE,iOS 16,fp-a62e5bacbf35,2023-05-13,2026-08-29,TRUE,FALSE,FALSE,ACTIVE,,AVAILABLE
DEV-7C4U2L,ACC-ZSDP5YH,MOBILE,iOS 17,fp-918b603dadf7,2021-06-11,2026-08-29,TRUE,FALSE,FALSE,ACTIVE,,AVAILABLE
DEV-ZV6M7W,ACC-ZT3EDK2,MOBILE,Android 14,fp-ee45faba3458,2021-08-25,2026-08-29,TRUE,FALSE,FALSE,ACTIVE,,AVAILABLE
DEV-1CD20B,ACC-ZV9DKYA,MOBILE,Android 14,fp-50546820f3da,2025-09-10,2025-09-19,FALSE,TRUE,FALSE,RETIRED,,AVAILABLE
DEV-9TWAI4,ACC-ZV9DKYA,MOBILE,Android 14,fp-47a7ce372c71,2025-09-11,2026-08-29,TRUE,FALSE,FALSE,ACTIVE,,AVAILABLE
DEV-1RQB5D,ACC-ZV9DKYA,MOBILE,Android 12,fp-d92244f6294b,2025-09-19,2026-08-29,TRUE,FALSE,FALSE,ACTIVE,DEV-1CD20B,AVAILABLE
DEV-EB3XL4,ACC-ZXCZD9M,MOBILE,Android 12,fp-c49f3acb842f,2024-10-16,2026-08-29,TRUE,FALSE,FALSE,ACTIVE,,AVAILABLE
